Year,Country_Code,Adjusted net national income per capita (constant 2010 US$),Armed forces personnel (% of total labor force),Computer communications and other services (% of commercial service imports),Consumer price index (2010 = 100),Employment in agriculture (% of total employment),Employment in industry (% of total employment),Employment in services (% of total employment),Fixed broadband subscriptions (per 100 people),Fixed telephone subscriptions (per 100 people),GINI index (World Bank estimate),GNI per capita growth (annual %),High-technology exports (% of manufactured exports),Improved sanitation facilities urban (% of urban population with access),Improved water source urban (% of urban population with access),Income share held by lowest 20%,Individuals using the Internet (% of population),Inflation consumer prices (annual %),Informal employment (% of total non-agricultural employment),Interest arrears official creditors (current US$),Interest arrears private creditors (current US$),Interest payments on external debt (% of exports of goods services and primary income),Internally displaced persons new displacement associated with conflict and violence (number of cases),Internally displaced persons new displacement associated with disasters (number of cases),Internet Speed,Labor force participation rate for ages 15-24 female (%) (modeled ILO estimate),Labor force participation rate for ages 15-24 male (%) (modeled ILO estimate),Military expenditure (% of central government expenditure),Mobile cellular subscriptions (per 100 people),Ores and metals exports (% of merchandise exports),Population in the largest city (% of urban population),Prevalence of HIV total (% of population ages 15-49),Retirement Age Men,Retirement Age Women,Share of youth not in education employment or training female (% of female youth population),Share of youth not in education employment or training male (% of male youth population),Total debt service (% of exports of goods services and primary income),Total reserves (% of total external debt),Tourist Arrivals,Unemployment with advanced education female (% of female labor force with advanced education),Unemployment with advanced education male (% of male labor force with advanced education),Unemployment female (% of female labor force) (modeled ILO estimate),Unemployment male (% of male labor force) (modeled ILO estimate),Unemployment total (% of total labor force) (modeled ILO estimate),Unemployment youth female (% of female labor force ages 15-24) (modeled ILO estimate),Unemployment youth male (% of male labor force ages 15-24) (modeled ILO estimate),Urban population growth (annual %),Value lost due to electrical outages (% of sales),Vulnerable employment female (% of female employment),Vulnerable employment male (% of male employment),Wholesale price index (2010 = 100),Stability,
2004,AFG,10.112931023408,-1.65952167311,1.638204498477,10.521982121667,-1.800003051758,1.199999809265,0.700000762939,0.000138780833,-0.1556777865,50,-6.544708780329,0.1,35.1,59.6,0,0.017917777,-1.812324102857,0,0,0,0.25067413627,0,0,428.9509,0.426950454712,0.235488891602,0,1.632859195,0.137976802487,-0.812325179268,0.1,80,80,0,0,0.298910762938,142.575094534822,100,0,0,0.200000762939,0,0,0.39999961853,0.099998474121,-0.356802075347,6.5,84.5,83.299999237061,0,1.1,
2004,ALB,166.97461180085,-0.014632987608,3.04096150536,1.88781151,-1,0.39999961853,0.699998855591,-0.001215756,0.664832656,30.6,-0.686436405417,0.991776724901,95,98.8,-2.8,1.448487383,1.796016557,0,0,1226000,1.666331667907,0,0,1010.0475,-2.984981536865,-3.304027557373,6.169117860044,5.20689385,5.522306591121,-0.00355697881,0.1,65,60,-3.070000076294,-2.370000076294,5.23042804657,86.413179382439,118643,-1.227272727273,-2.025000095367,0,-0.099999427795,-0.10000038147,0.200000762939,0.10000038147,-0.088475244394,13.7,69.399997711182,58.299998283386,0,5.1,
2004,DZA,86.85620682584,0.022257233525,6.932125558281,3.07568083,-0.39999961853,2.10000038147,-1.700000762939,0.053047063,1.130871105,27.6,-3.785739468164,1.04603270348,90.8,90.9,-0.723076923077,2.439115357,-0.307153655,0,11000,0,1.845653298321,0,0,333.6271,-0.438407897949,-1.239566802979,15.71047232559,10.207036669,0.414819808829,-0.139320850049,0.1,60,60,-3.627272865989,-1.018181800842,11.910233150315,203.738199337752,1770,-2.733333269755,-3.799999872843,-13,-4.900000572205,-6,-12.700004577637,-7.400001525879,0.017018314242,0,48.89999961853,32.099999904633,0,4.4,
2004,AGO,-91.284119348167,-0.218121807698,6.959311415497,13.24655595,-0.099999427795,0.199996948242,0,0.005444619375,0.038636214,42.7,0,0.1,77.8,64.9,-0.54,0.094132553,-54.68177045,-13.199999491374,411267000,261717000,1.326064090971,0,0,192.5509,-0.142082214356,-0.218502044678,21.499434953553,2.362119349,2.67542615278,0.231786330028,1.3,80,80,-6.383333206177,-3.733333269755,13.629484908165,14.040898326906,100,-0.530769238105,-0.969230798575,0.099999904633,0.099999904633,0.099999904633,0,0.200000762939,0.029036008627,3.7,77.20000076294,56.100001335144,0,5.6,
2004,ARG,535.87817475015,-0.016545897163,1.556379566288,-6.594375,-0.299999952316,1.400001525879,-1.100006103516,0.735401416,0.20889422,50.2,-0.587012012839,7.719023677971,93.5,98.3,0.5,4.12298756,-9.027131367,-9.93333307902,535622000,16013103000,5.560499305166,0,0,1259.8375,0.586093902588,0.089706420898,5.233926747284,14.61875107,3.938813269828,0.012258852343,0.4,80,80,-4.299999872843,-2.683333396912,29.675875304349,11.702165302749,961154,-4.999999523163,-6,-2.900000572205,-2.400000572205,-2.5,-4.599998474121,-6.60000038147,-0.01648771762,1.4,18.70000076294,23.699999630451,0,6.4,
2004,ARM,197.2861206537,0.248523280634,-4.460384740105,4.93897856,-1.29999923706,-0.39999961853,1.700000762939,0.032721351,0.56917262,37.5,-3.5973331807,1.246117046336,95.6,99,-1.1,0.323791346,2.239707993,-3.693749904633,0,0,3.68451374079,0,0,365.2875,0.138380050659,0.275672912598,16.171248476096,2.95212584,23.54733601671,0.125401369947,0.2,63,63,-3.438461597149,-3.030769348145,11.356901725336,26.005036503372,2977,-2.277777777778,-2.900000042386,-0.10000038147,-0.300000190735,-0.200000762939,0.199996948242,0.099998474121,-0.039586112797,1.8,44.80000076443,38.399999238551,0,6,
2004,AUS,1250.2440940413,-0.021819089875,-4.817323708979,1.92641946,-0.200000047684,0.299999237061,-0.099998474121,2.415250619,-1.13316794,35.4,1.161277650424,13.533303167878,100,100,5.56,15.75,-0.427122906,0,0,0,0.1,0,0,2115.1855,0.102462768555,-0.160568237305,7.368314058547,9.60604692,17.214029199325,-0.142460090162,0.1,65,62,-1.145454580134,0.936363653703,0,0,591400,-0.399999856949,-0.399999856949,-0.5,-0.599999904633,-0.5,-0.400000572205,-0.800000190735,-0.074950856763,0,8.800000190735,14.999999821186,0,8.7,
2004,AUT,783.801225789597,0.13558076211,-6.428397875316,1.80325027,-0.599999904633,-2.200000762939,2.800003051758,3.237430619,-0.97893026,29.8,1.58655232424,16.164977691234,100,100,1.433333333333,11.58,0.705687026,0,0,0,0.1,0,0,3438.4029,1.564659118652,0.605865478516,1.831802219012,8.20912133,2.674167335284,0.2255007924,0.1,65,60,-1.583333333333,-1.633333365122,0,0,2054.96,0.899999856949,0.899999856949,1.599999904633,0.700000286102,1,5.10000038147,4.300000190735,0.13328969196,0,7.600000023842,8.800000190735,0,9.1,
2004,AZE,171.53626782584,-0.062798586214,-0.631752678526,3.50508111,-0.200000762939,0.5,-0.29999923706,-0.008501298333,0.72478982,16.2,-3.94184071731,2.177362335469,80.9,90,1.1,2.676791785333,4.475065488,0,0,0,0.742468359326,0,0,317.4203,-0.81978225708,-1.87349319458,25.686358095324,4.57678188,1.420270822638,-0.254225713515,0.1,62,57,0,0,5.673906005736,49.56068877346,14472,0.544444455041,-0.488888899485,-1.400000572205,-1,-1.199999809265,-3,-2.60000038147,0.11627662151,1.8,65.500000953674,62.199999332428,0,4.6,
2004,BHR,2054.547172596151,-0.568954374268,3.966922747132,1.96069587,-0.200000047684,0.199998855591,0,0.561605194,-0.71410604,50,-0.084468642455,0.070899213965,99.2,100,0,-0.09626448,0.759315678,0,0,0,0.1,0,0,691.7815,0.237457275391,0.494678497314,20.883366398664,21.79751536,15.32148555616,0.339644620792,0.1,80,80,0,0,0,0,100,0,0.192307692308,0.099999904633,0,0,0.10000038147,0,0.607754003753,0,0.60000000149,2.500000096858,0,5.6,
2004,BGD,32.885688133997,0.108762808294,0.235346068103,4.55593526,-1.400001525879,0.300000190735,1.100002288818,0.003316102667,0.055211386,33.2,0.95790559651,0.210449868077,52.8,84.1,-1.76,0.035158669,1.918828651,-7.31666692098,0,0,2.184678178865,0,0,220.3875,-0.140018463135,-0.600654602051,15.733739385999,0.988752494,0.159890241832,-0.236184348362,0.1,57,57,8.128571646554,0.957142829895,7.085423688473,16.34018418378,100,-0.600000023842,-0.699999988079,0.700000286102,-0.099999904633,0.199999809265,1.900000095367,0.199999809265,-0.146218968149,10.6,88.60000038147,85.899996757507,3.374889812366,3.8,
2004,BLR,396.15655642275,-0.041105987158,-3.276240233258,8.56879548,-0.300000190735,1,-0.699996948242,0.006458917,1.28263478,26.5,4.011016361354,2.849037452959,93.9,99.7,0.8,4.05,-10.28959745,0,0,0,0.838831808121,0,0,788.2304,0.307647705078,0.017227172851,4.640343322532,11.61126377,0.734981878167,0.22018681105,0.1,60,55,-1.254545471885,-0.954545454545,2.539436387063,18.18941080976,90811,0,0,0,0.100000023842,0,0.100000023842,0.100000023842,0.007639283197,0.7,2.299999952316,3.400000095367,0,5.9,
2004,BEL,792.509651565197,-0.124873826966,-1.802767609652,1.8022587,0.5,0,-0.5,3.54670584,-0.96063137,30.5,2.110617231861,8.560834832159,99.5,100,1.4,3.89,0.499122175,0,0,0,0.1,0,0,4020.542,3.525695800781,-1.958000183106,2.832167082183,4.59195403,2.552208803095,0.072675554206,0.1,60,60,1.466666698456,1.383333365122,0,0,100,-0.300000190735,-0.099999904633,0.300000190735,-0.700000286102,-0.299999713898,2.10000038147,-4.300000190735,0.014127147941,0,9.499999761581,10.699999809265,0,8.5,
2004,BEN,16.988029566194,-0.043460971949,7.443637038207,0.69322469,1.599998474121,-0.400000572205,-1.20000076294,0.000748418,0.051082359,43.4,1.212939987802,0.058654476924,28.2,80.1,4.4375,0.23121385,-0.61335163,-7.446154080904,1445000,0,1.899630707846,0,0,346.7135,-1.706424713135,-2.396732330322,8.176147223992,2.716533938,0.374631625471,-0.814947788614,1.4,80,80,0.400000015895,0.183333337307,5.033259342732,0,100,-0.838461509118,-0.930769260113,-0.399999976158,-0.5,-0.400000035763,-0.899999976158,-0.599999904633,-0.016038432937,6.2,95.799999237061,85.300003051758,0,7,
2004,BOL,25.59714413953,-0.06463519918,0.178405450566,2.94465069,0.799999237061,-0.5,-0.29999923706,0.031284041,0.039244236,55,1.892089306409,9.207809130905,53,94.1,-1.55,0.9313282,1.100105804,13.68571472168,0,0,5.37816043752,0,0,304.4375,0.68627166748,0.430877685547,7.074226357931,5.41726635,18.851593866931,-0.172039722697,0.4,80,80,-2.614285605294,-0.785714285714,19.756515465995,20.191199845699,100,-1.480000019073,-1.519999980927,-1.5,-0.900000095367,-1.199999809265,-2.800000190735,-1.200000286102,-0.042470066509,4.4,31.10000038147,35.300000667572,0,4.8,
2004,BIH,477.6441014986,0.337228942628,-1.669224982524,12.12760785,1,-0.39999961853,-0.599998474121,0.132257607,0.40361735,34,0.646196773138,1.884419939784,98.5,99.5,-2.466666666667,11.503934786,-0.765625,0,0,0,3.616025540039,0,0,1090.2755,0.047504425049,0.06844329834,5.410698932884,8.62293046,13.018674436396,-0.271214238847,0.1,80,80,1.5,1.743749976158,6.948698177734,43.994719992763,100,-1.012500047684,-1.206249952316,5.39999961853,3.400001525879,4.099998474121,4,7,-0.039721412775,1.9,25.199999809265,23.700000047684,0,4.6,
2004,BWA,-86.61869904119,-0.118283401086,-1.019033874243,3.84448173,1.599998474121,-2.400001525879,0.800003051758,0.012185244714,-0.065359075,60.5,-7.026668579723,0.416845085636,72.1,99.4,-0.4,-0.040300921,-2.244199019,0,0,0,0.251138839824,0,0,657.6748,0.58708190918,1.485263824463,11.738106269873,3.90819775,11.217146243718,0,25.1,80,80,-3.827272588556,-2.590909090909,1.034683503286,1097.60628767113,100,0.427272709933,0.40000000867,-1.89999961853,-1.5,-1.699998855591,-3.200000762939,-2.29999923706,0.014943730803,1.4,22.800000667572,9.799999952316,0,8.8,
2004,BRA,388.13290034943,-0.008017653865,-4.35922052497,4.60874533,0.299999237061,0,-0.29999923706,1.184288903,-0.06141751,56.9,5.112831512169,11.592722425286,84.3,98.3,0.2,5.86608617,-8.116200983,0,19000,5000,13.273397104919,0,0,856.884,1.664035797119,1.175003051758,6.437158740474,10.1384487,8.572596519166,-0.019703833757,0.4,65,60,-2.254545385187,-1.100000034679,48.356216197075,23.985682266395,4794,0.300000011921,0.4375,-0.900000572205,-0.800000190735,-0.800000190735,-1.099998474121,-0.800001144409,-0.064414868211,3.4,32,33.799999713898,7.034407427635,6,
2004,BGR,282.13623597589,-0.031984011121,-2.406906828744,4.13166513,-0.400000572205,0.900001525879,-0.400001525879,0.014313245,-0.88042122,35.7,1.434969477893,4.062545452053,86.8,99.8,0.7125,6.09,4.189026106,0,0,30716000,3.640456426947,0,0,2211.8736,0.305606842041,1.123352050781,10.041419631416,16.22881599,12.408376658786,0.263120610503,0.1,62.5,57.5,-3.200000762939,-4.60000038147,15.898557366508,56.179061488401,383560,-0.800000190735,-1,-1.599999427795,-1.800000190735,-1.699999809265,-0.199998855591,-4.39999961853,0.033301118448,1.2,10.400000095367,13.500000357628,0,7.2,
2004,BFA,12.078370242807,-0.097349687694,-1.800810337276,-0.32824142,0,-0.099999904633,0.099999427795,0.00003608,0.127441455,39.8,-3.260759522104,11.365306931715,48,88.9,6.483333333333,0.026854982,-2.434794443,0,96000,0,2.963255576273,0,0,282.0075,-1.182643890381,-0.601593017578,11.857182593291,1.156864537,0.152410367851,0.302971601574,1.7,80,80,0,0,9.049002292816,0,100,-0.618749976158,-0.731249988079,0.599999904633,1.099999904633,0.799999952316,1,1.5,0.003674077289,5.8,96.500003814697,91.5,0,5.2,
2004,BDI,20.079990708206,0.723585693738,8.753952943189,3.92849997,-0.100006103516,0.099999904633,0,-0.0001855227,0.040453912,33.4,5.545781849497,5.874200279261,38.5,93.1,-1.1125,0.147787265,-2.909981512,0,19561392.3,0,26.05526295432,0,0,85.2641,-0.929672241211,-1.29914855957,5.418508774914,0.457861162,1.530700347986,0.123974877939,2.5,80,80,-0.375,-0.40000000596,134.802812608067,4.873113775547,100,0,0,0,0,0,0,0,0.145847240914,10.7,97.599996566773,90.400000095367,0,4.1,
2004,KHM,29.50408882795,-0.037224182825,-3.588625731648,2.40627381,-3.900001525879,1.300000190735,2.599998474121,0.002692405,0.002124549,50,1.027395597196,0.154683181924,55.5,68.7,0,0.039866446,2.714770327,-6.664285932268,32000,0,0.349874338587,0,0,247.0515,-1.105857849121,2.218818664551,15.852568509365,2.698429799,0.00729953468,0.25274232576,1.2,80,80,-7.859999847412,-7.980000305176,0.798430438065,41.031779230401,382326,-0.16428571088,-0.149999993188,-0.899999976158,-1.299999952316,-1.199999928474,-2.199999809265,-3.099999904633,-0.089764222917,0.4,83.70000076294,74.699998855591,0,5.1,
2004,CMR,26.151879041615,-0.139592909979,-3.611290529097,0.19593936,-0.199996948242,-0.10000038147,0.300001144409,0.0001591,-0.002874948,42.8,0.940248591568,2.062836394164,61.1,88.4,-0.966666666667,0.388452804,-0.389516177,0,9907000,145411000,6.284214652701,0,0,198.8291,-0.330661773682,-0.476509094238,0,2.408059282,5.061878038392,0.150329197561,5.1,80,80,-1.777777777778,-0.644444465637,15.51736034604,7.76020102163,100,0,0,-1,-0.699999809265,-0.900000095367,-1.599999427795,-1.099999904633,0.016907692364,4.9,88.5,69,0,4.8,
2004,CAN,1073.632822264204,0.048977292748,-1.290331102015,1.63852318,-0.099999904633,0.199998855591,0,2.68513702,-0.81275181,33.7,1.512654047472,12.093740875597,100,100,-1.75,1.75596346,-0.901304495,0,0,0,0.1,0,0,3435.7613,-0.387107849121,-0.580604553223,6.395230352304,4.99259767,5.52232083231,0.127065538583,0.1,65,65,-0.300000190735,0.800000190735,0,0,2419942,-0.400000095367,-0.400000095367,-0.299999713898,-0.5,-0.400000095367,0,-0.39999961853,0.00445690044,0,8.400000393391,11.799999810755,0,8.9,
2004,CPV,282.668123507579,-0.19735123493,-0.46629437043,-1.58482284,-1.5,0.300000190735,1.20000076294,0.009959661667,-0.21865799,47.2,-0.492074745823,0.003011483486,66.3,86.8,-0.833333333333,0.993946679,-3.078992109,0,1046000,0,1.986952162496,0,0,344.9089,-1.512966156006,-2.341079711914,2.753572553079,2.46627068,0.092899290931,0,1,80,80,0,0,7.930657004492,30.023423197789,184738,0,0,0,0,-0.099999427795,0,-0.10000038147,-0.16977240396,5.5,52.899997711182,42.199999332428,0,7.2,
2004,TCD,-50.723488861162,-0.058486592588,0,-4.49089154,-0.599998474121,-0.299999952316,0.89999961853,0.000237439364,0.000796163,43.3,47.17037244286,0.1,27.6,63.6,2.8875,0.040611552,-3.602830877,0,8327000,889000,0.1,0,0,167.404,-0.019294738769,-0.035690307617,0,0.574548573,0.1,-0.001071387048,1.9,80,80,0,0,0,13.714795822441,100,0,0,0.200000286102,0.299999713898,0.299999713898,0.10000038147,0.300000190735,-0.086625369946,3.3,98.899997711182,91.099998474121,0,2.9,
2004,CHL,-766.059163872624,-0.04965246121,-4.068825841165,8.964512622727,-0.10000038147,0.400001525879,-0.200000762939,0.759814371,0.35842677,48.2,0.125067978605,5.911905205497,96.9,99.4,3.666666666667,2.70413123,-1.755437927,-3.516666730245,0,0,0.1,0,0,1195.947,0.845676422119,1.470878601074,14.895892444018,11.84225211,53.43617812061,-0.261020097759,0.3,65,60,-1.441666603088,0.558333317439,0,0,100,0.675000011921,0.725000023842,0.800000190735,0,0.300000190735,-0.099998474121,-0.200000762939,-0.034174894138,1.8,26.199999332428,30.100000023842,0,8.1,
2004,CHN,-288.58688761879,-0.003542869772,-0.490683771394,3.184765259797,-1.600002288818,0.400001525879,1.20000076294,1.042047311,3.62293195,42.8,0,30.064458717813,78.3,97.3,-0.51,1.1,2.72429808,0,0,0,1.115348654425,0,0,714.5325,-1.913467407226,-1.533687591553,13.087061897143,4.83017912,1.948863349259,-0.013992872686,0.1,60,50,0,0,3.720258756635,253.475080817699,1693.25,0,0,0,0,0,0,0,-0.103031396954,1.3,49.699998855591,42.599998474121,0,5.1,
2004,COL,171.30070368752,0.106920915359,0.913686316441,4.22821022,-0.700000762939,0.699998855591,-0.200004577637,0.145007292,-0.89933735,56.1,2.079350082203,5.694387941532,83.8,97.1,0,1.729766592,-1.226508096,-5.599999745687,0,0,12.030024311999,0,0,685.7463,1.10026550293,0.19202041626,27.380867794147,9.68198325,1.307070112147,0.263099920296,0.4,80,80,18.099998474121,3.749999523163,37.903470270096,35.445779828508,100,-1.027272744612,-1.163636380976,-0.60000038147,-0.400000572205,-0.5,0.200000762939,0,-0.03987549336,2.3,45.000000953674,46.5,0,3.9,
2004,COG,-64.06213186525,-0.026461449877,-2.387241602809,1.81637639,0.29999923706,-0.699998855591,0.39999961853,0.000284436091,0.192589571,47.3,-36.150392137248,2.221095533428,18.2,95.4,-0.7,0.617490743,3.061611067,0,172079000,638998000,2.457570172851,0,0,1,0.012371063232,0.013370513916,8.682938952009,1.312579021,0.036483029104,0.381873389097,3.4,80,80,-4.157142911639,-3.385714394706,5.825598562466,1.821304729168,100,-2.142857142857,-2.742857251848,0.799999237061,0.5,0.700000762939,1.400001525879,0.89999961853,0.127261108232,16.4,91.100001335144,62.900000572205,0,4.5,
2004,CRI,-614.107202997257,-0.090256698985,-1.979269282206,6.1156945,-0.300000190735,-0.10000038147,0.400001525879,0.301078442,3.8403298,48.9,0,35.714819199608,94.8,99.4,0.4,0.4586919,2.86746612,2.79230763362,2232000,167000,2.689648125819,0,0,780.9239,-1.661678314209,-2.748443603516,0,3.07924338,1.034422430883,-1.078135902928,0.2,80,80,2.133333365122,1.108333349228,11.20011112122,33.66740875673,100,-1.599999904633,-0.799999952316,0.39999961853,-0.39999961853,-0.199999809265,0.5,-0.89999961853,-0.135933694842,1.7,24.89999961853,22.199999570847,0,7.6,
2004,CIV,101.681317748447,0.056145709345,3.354825923712,1.21876276,-0.70000076294,0,0.699996948242,0.00237555,0.097006737,43.2,-0.069573608233,13.209560017473,30.7,91.9,-0.85,0.090612786,-1.838819114,-5.155555725098,484440000,223983000,0.732963682099,0,0,1,-0.585849761963,-1.344863891601,10.573777032958,2.192409896,0.233792979288,-0.029095727456,5.3,80,80,-2.577777862549,-1.316666709052,4.978060357859,0,100,-0.538888878293,-0.649999989404,0,0.099999904633,0.099999427795,0,0,-0.017198604277,5,91.100002288818,73.099998474121,0,3.6,
2004,HRV,622.83113622919,-0.080861194255,0.559868295469,1.67322835,-0.299999237061,-0.39999961853,0.5,0.518420773,0.48293819,32.6,1.978525022158,13.015561150549,98.1,99.8,0.627272727273,8.16,0.288058983,0,0,0,0.1,0,0,2638.0601,0.553817749023,0.680027008057,5.072727147251,6.93020887,3.40352710441,-0.095502677698,0.1,65,60,-2.285714285714,-2.485714231219,0,0,71285,2,0.5,-0.300000190735,-0.199999809265,-0.199999809265,-1.20000076294,-4.39999961853,-0.00025543666,0.8,20.300000190735,18.399999260902,0,7.4,
2004,CUB,186.75126752319,0.036831262318,0,0,-0.5,-0.89999961853,1.29999923706,0.001913187556,0.374049875,50,1.631795845916,11.82726370518,91.2,95.3,0,3.166715705,0,0,0,0,0.1,0,0,104.7438,0.109182357788,-0.781723022461,0,0.357965418,47.655144906204,-0.137557276397,0.1,80,80,0,0,0,0,246064,-0.10000000149,-0.08749999851,-0.400000095367,-0.399999856949,-0.399999976158,-0.200000286102,-0.599999904633,-0.133277942751,0,5.299999810755,17.50000077486,0,6.2,
2004,CYP,855.788174778299,0.117653065694,1.437759693958,1.93098277,-0.099999904633,0.5,-0.400001525879,0.675248221,-1.30439117,30.1,0.686022530239,8.578207244687,100,100,1.466666666667,3.74,-1.852848319,0,0,0,0.1,0,0,842.4841,-1.465919494629,2.882453918457,3.217487301201,9.52038469,4.300495794901,0,0.1,65,65,0.89999961853,-0.10000038147,0,0,78723,-0.700000047684,-0.799999952316,0.900000095367,-0.200000047684,0.200000286102,0.700000762939,-1.000000476837,-0.00651077585,0,14,19.800000786781,4.99364812846,7.8,
2004,CZE,646.0791278627,-0.693909476729,-6.672425791015,2.34752105,-0.099999904633,-0.600002288818,0.600002288818,1.971934444,-1.95981516,27.5,-0.393933981825,13.191351961741,99.1,99.9,1.5,1.2,2.719562348,0,0,0,0.1,0,0,4742.876,-1.815725326538,-1.269107818603,5.283684480236,10.48273266,1.978352087899,0.139578738735,0.1,61.5,58.7,-0.400000572205,2.300000190735,0,0,100,0.099999904633,0,0,1.199999809265,0.699999809265,0.5,5.299999237061,0.058971097733,0.6,9.000000119209,15.999999821186,0,8.4,
2004,DOM,-17.822332608884,-0.177264810792,0.435991671441,1.85425836,-0.200004577637,0.10000038147,0.10000038147,0,0.000955891,42.2,-0.230556940717,0.1,29.3,83.8,-0.95,0.061293538,-8.879581712,0,307247000,63758000,3.837924151697,0,0,1,0.052295684815,0.082653045654,13.02367281051,1.347864175,0.1,-0.073351102373,1.8,80,80,0,0,7.908691707494,2.048008379185,100,0,0,0,0,0,0,0,0.069637579211,5.6,88.299999237061,75.60000038147,0,2.4,
2004,DNK,1740.352077859898,-0.069823171552,0.979743725311,1.01415737,-0.400000095367,0.800001144409,-0.400001525879,5.50516068,-2.47264038,24.9,2.796273660284,20.312408638733,99.6,100,-1.65,4.67,-0.930454962,0,0,0,0.1,0,0,3406.6978,0.48412322998,1.500137329101,3.867487026305,7.14827032,1.419324523834,0.14437314406,0.1,65,65,1.099999904633,-1.099999904633,0,0,100,0,-0.800000190735,-0.299999713898,-0.099999904633,-0.200000286102,-1.89999961853,-2.200000762939,0.098504272968,0,3.900000095367,6.600000202656,0,9.3,
2004,ECU,25.96222471616,-0.242652685603,-3.47291197332,2.09510041,0.199999809265,-0.300001144409,0.100006103516,0.033809919,0.23150931,54.1,5.293322219574,7.361703221916,81.6,89.4,0.2,0.374214293,-5.187228676,-5.56666692098,782000,37000,14.072024358961,0,0,661.9382,-1.610599517822,-0.029224395752,0,8.13798471,0.260786904433,-0.080830394379,0.3,80,80,-2.236363671043,-0.781818216497,43.954181373779,7.002761253445,100,-2.75,-2.700000286102,-3.700000762939,-2.500000476837,-2.799999237061,-2.199998855591,-4.999999046326,-0.009302221937,2.7,54.60000038147,36.599999427795,0,4.5,
2004,EGY,2.31363306665,-0.057060258706,-2.406857548216,5.57859987,1.89999961853,0.200000762939,-2.100002288818,0.033221616,0.82545327,31.9,0.999567539662,0.576914412965,95.5,98.7,-1.8,7.882114893,6.762842967,-5.579999923706,865000,1000,2.783667547733,0,0,456.788,-0.291292190552,1.409442901611,11.2518103587,2.477317945,3.604589962738,0.079982850218,0.1,80,80,4.690000152588,1.569999980927,8.018653741085,48.913903324388,586,1.180000019073,1.6,-2,-0.400000095367,-0.699999809265,0.599998474121,-1.700000762939,-0.024724759703,7.7,45.999998092651,21.199999809265,9.139408866118,5.6,
2004,SLV,-16.18781464305,-0.519026706639,-1.096814929839,3.43883766,0.800001144409,-0.89999961853,0.100002288818,0.159528614,2.19093684,47.4,0.129099114133,4.395767000009,77.9,94.4,1.2,0.7,2.331553007,6.03333346049,0,0,14.51806840824,0,0,786.9843,-1.681167602539,-1.475551605225,4.753946146704,11.21924252,1.347017811105,-0.339320173698,0.7,80,80,3.790909160267,-1.399999965321,30.262225016514,21.833893040793,100,-0.508333325386,-0.483333349228,0.299999952316,-0.39999961853,-0.099999904633,1.800000190735,-0.800000190735,-0.04570428562,2.9,50.699998855591,29.400000572205,5.247238290994,5,
2004,ERI,10.425908166803,-0.51228491455,-1.253898749336,0,-0.599998474121,0,0.599998474121,0.0000817515,-0.009646486,50,4.15023236912,18.214293833956,50.5,69.7,0,0.082,0,0,1708000,0,3.82464427114,0,0,79.7908,-0.888778686523,-1.20890045166,0,0.428676577,1.754837389807,-0.787292946275,1.4,80,80,0,0,4.285997250262,4.570486134848,100,0,0,-0.099999904633,-0.10000038147,-0.099999904633,-0.10000038147,-0.199999809265,-0.139814676088,0.2,7.400000214577,7.799999713898,0,4.5,
2004,EST,732.61283360647,-0.310432473913,-4.517152643913,2.24804724,-1.300000190735,2.899997711182,-1.70000076294,3.670191046,-1.07957173,33.6,0.131497632462,13.995658014215,97.5,99.8,1,7.88,1.709782231,0,0,0,0.1,0,0,3091.2806,2.20322227478,-2.637676239014,0,15.87099431,2.562177956528,0.265550320713,0.1,63,61,2.999999046326,3.10000038147,0,0,100,1,1.200000286102,-1.5,-0.599999427795,-1.10000038147,-7.899997711182,3.200000762939,0.029495785612,0.5,3.799999907613,9.099999606609,0,8.4,
2004,ETH,-21.574376754823,0.039818363865,-0.509421446574,1.25208249,-0.299999237061,-0.10000038147,0.400001525879,-0.0000319,0.091677748,29.8,0.415540534154,16.321912208338,24,88.7,-1.88,0.049522862,-14.506011293,0,34414000,1400000,2.899585283948,0,0,115.0319,0.436943054199,-0.175819396973,19.025357699391,0.138699807,1.088102313788,-0.456199005878,2.5,80,80,-0.14615384432,-0.038461538462,5.907478023518,22.596372592854,100,0.636363636364,0.854545419866,-0.799999237061,-0.299999952316,-0.5,-1.099999427795,-0.400000095367,-0.040599331191,4.3,94.399997711182,91,0,3.3,
2004,FJI,-261.771553228272,-0.168556017687,-1.857298432469,2.16916346,-1,0,0.900001525879,0.121582912286,0.3364986,40.4,0,1.147117611525,90.7,97.7,-1.116666666667,0.687508747,-1.345262584,0,400000,0,0.422976527763,0,0,302.6067,0.110061645508,-0.509189605713,6.884725417455,3.91575962,0.73330273608,0,0.1,80,80,-1.706249952316,-0.712499976158,0.830717637249,183.163098569722,504075,0,0,-5.200000286102,-3.000000238419,-3.800000190735,-11.10000038147,-7,0.09170672011,4.9,39.799999237061,38.5,0,4.7,
2004,FIN,1659.352252974997,0.038482145921,-0.805851599382,0.16886361,-0.199999809265,-0.60000038147,0.900001525879,5.880929556,-3.96000055,27.9,4.222755061341,20.925049015129,99.4,100,1.566666666667,3.17,-0.690315176,0,0,0,0.1,0,0,2781.2733,0.384410858154,-0.201168060303,3.881037371603,4.34362396,3.486778645106,0.095920837643,0.1,63,63,-1.300000190735,-1.10000038147,0,0,100,-0.200000286102,0.700000286102,0.599999427795,-0.800000190735,-0.10000038147,-0.800001144409,0,0.050397670423,0,5.999999821186,10.300000190735,0,9.7,
2004,FRA,656.718645883702,-0.016884433972,0.413570682803,1.90560054,-0.500000238419,0.199998855591,0.300003051758,4.858238615,-0.78042622,30.6,1.8933385459,19.755547110423,98.6,100,1.4,3.01,0.02580102,0,0,0,0.1,0,0,3117.2904,-0.119934082031,-0.116886138916,5.516751203437,4.12246474,2.114019657656,-0.071908090384,0.3,60.5,60.5,0.800000190735,1.60000038147,0,0,75100,0.599999904633,0.599999904633,0.799999237061,0.5,0.599999427795,1.60000038147,3.200000762939,0.025160049225,0,5.600000023842,7.599999904633,0,8.1,
2004,GAB,-509.422242840119,-0.240738256864,-0.770182139346,0.34789626,-0.799999237061,0.39999961853,0.400001525879,0.035331205,-0.050102313,42.2,-5.623402380695,13.798118269303,40.8,95.3,-0.828571428571,0.319483206,-1.827147829,0,179958000,3018000,1.135480155178,0,0,416.5667,-0.239944458008,-0.632192611694,0,13.52729892,5.508436704139,-0.492628113084,5.8,80,80,0,0,5.594130342957,10.997086468331,100,0,0,0.39999961853,-0.5,-0.199998855591,-0.400001525879,-1.199996948242,0.041466784359,1.7,65.100001335144,46.70000076294,0,4.9,
2004,GEO,-211.364898401585,-0.299332458393,-7.039816760166,3.46014281,-0.900001525879,0.5,0.399997711182,0.011191734,0.51750987,39.8,-0.713539333603,38.250468307732,96.1,98.1,-0.2,1.327404873,4.81859183,0,7266000,0,2.070765719077,0,0,576.9885,-5.768995285034,-5.86986541748,9.423963133641,3.0376364,24.916486893321,0.823564796379,0.1,65,60,0,0,12.70118286816,16.69140609095,100,-3.057142802647,-2.957142966134,0.300000190735,1.800000190735,1.10000038147,1.599998474121,4.900001525879,-0.017121907182,1.4,65,65.39999961853,0,4.2,
2004,DEU,1063.1702184036,0.000437150957,-0.652679852721,1.49179098,-0.100000143051,-0.10000038147,0.200004577637,3.013493738,0.30284108,31.8,3.316307870447,17.816536514668,99.3,100,1.0125,8.83,0.631512696,0,0,0,0.1,0,0,3244.893,-2.157634735107,-1.616313934326,4.433494682993,7.72260608,2.328247560502,-0.006879000185,0.1,65,65,0,0.199999809265,0,0,20134,0.599999904633,0.400000095367,0.800000190735,1.10000038147,0.89999961853,2.099999427795,1.699999809265,-0.081231077725,0,6.099999785423,7.5,0,8,
2004,GHA,116.252840891585,-0.002459090735,-4.276458699654,5.15378056,0.5,-0.199999809265,-0.300001144409,0.000719924667,0.070281133,42.8,0.188362215485,0.196765173751,17.2,88.9,-0.742857142857,0.523739793,-14.05037567,-6.139999898275,10900000,41667000,2.800064576248,0,0,329.2137,-0.070384979248,0.229633331299,2.7840637326,4.21661186,5.022669601439,-0.367032440841,3.2,80,80,-0.886666679382,-0.579999987284,8.033228168011,24.168453433972,100,-0.286666679382,-0.279999987284,-1.300000190735,-1.099999904633,-1.199999809265,-1.900000572205,-0.699999809265,0.002914062779,5.6,85.099996566773,61.600001335144,0,6.7,
2004,GRC,921.770516157601,-0.357376579226,1.388278356877,2.32131123,-2.60000038147,0,2.799995422363,0.371313862,0.45154016,33.6,-0.101489250622,11.849696360878,98.1,99.9,-1.183333333333,3.62,-0.631802821,0,0,0,0.1,0,0,1607.7213,2.734632492065,2.445095062256,5.942687607431,3.49095926,8.40766601981,-0.420515141422,0.1,57,57,2,0.5,0,0,241251,0.099999904633,1.099999904633,1.5,0.400000095367,0.900000572205,0.199996948242,0.800001144409,0.003316740535,0,27.900000572205,28.499999284744,0,6.5,
2004,GTM,-12.41173507993,-0.086639729312,-0.555722568994,4.81492441,2.29999923706,-3.299999237061,0.900001525879,0.030541134571,1.32692837,54.9,0.355654216128,7.317911471539,74.7,95,-0.516666666667,0.551145092,1.975145719,-5.446666463216,0,413943000,5.963130700034,0,0,638.0854,-0.022426605225,-0.038513183594,3.783839565202,8.74883225,0.498813685305,-0.300582370648,0.4,80,80,-3.384615384615,-0.569230776567,14.464453574875,43.515393236242,100,0.138461534794,0.330769245441,-0.300000190735,-0.200000047684,-0.300000190735,-0.699999809265,-0.400000095367,-0.013822834885,4.5,58.39999961853,45.39999961853,0,4.7,
2004,GIN,-22.963554072126,-0.044754151535,-17.347646867283,5.358209263333,0,-0.099999904633,0.199998855591,0.000383105333,-0.004931647,39.4,0,0.282864928113,27.2,90.1,-1.26,0.057858961,4.48190037,0,77800000,4122000,5.042464267872,0,0,145.9177,-0.14754486084,-0.241752624512,0,0.440099308,77.618388165774,0.020782009485,1.7,80,80,-0.393333339691,-0.439999993642,20.774592111516,3.285137564184,100,-0.979999987284,-1.020000012716,0.099999904633,0.10000038147,0,0,0.099999427795,0.067079072555,13.9,72.499998092651,59.100000858307,0,2,
2004,GUY,-224.693785516311,-0.409741254425,7.303548069564,3.06861071,-0.5,0.300001144409,0.20000076294,-0.037552775714,1.31429063,50,0,0.335144602078,86.8,95.6,0,2.3,-1.312511917,0,71372000,28803000,1.971592509951,0,0,218.9068,-0.101350784302,-1.02116394043,0,4.37181394,6.400650542538,0,1.2,80,80,0,0,6.439289238563,16.944165241683,122,0,0,-0.199999809265,-0.199999809265,-0.200000762939,0,-0.10000038147,0.024847288367,2.8,24.700000286102,30.89999961853,0,5.2,
2004,HTI,-20.245758382961,0.085329031751,8.654397716823,10.71391763,0.199996948242,0.10000038147,-0.299999237061,0,-0.022790001,40.9,-3.381483577188,0.1,33.4,76.8,-0.4,3.753903562,-16.46973429,0,27890000,0,6.734685914943,0,0,506.0591,0.508592605591,0.377555847168,0,0.824147201,0.1,-0.442584560812,2.4,80,80,0,0,19.529847834569,14.203492902935,100,0,0,1.5,1.10000038147,1.300000190735,3.700000762939,2.60000038147,-0.131933401062,0,89.300003051758,84.700003147125,0,3.5,
2004,HND,16.07522742506,0.067538596116,-1.054680413142,4.96480739,-2.099998474121,1.200000762939,0.899997711182,0.0010934405,0.682309242,58.4,1.698338254031,1.476549662604,79.7,95.2,0.1,0.8,0.439624577,-5.978571210589,44298000,8572000,3.603457966762,0,0,883.3406,-1.875772476196,-2.167205810547,3.493590911467,4.734320827,6.552117595596,-0.248803601706,0.8,80,80,-4.62222205268,-1,9.953825559579,31.90302726024,100,0.135714284011,0.257142850331,1.89999961853,0.200000286102,0.800000190735,3.599999427795,1.700000286102,-0.077699350942,3.8,47.60000038147,48.400000572205,0,3.9,
2004,HUN,490.419084114481,-0.028148454783,3.957978732525,4.71753957,-0.10000038147,-0.400001525879,0.599998474121,1.457175167,-0.29902029,29.9,-0.444803538277,29.052804724116,97.8,99.6,-1.383333333333,6.11,2.131502191,0,0,0,0.1,0,0,3456.8083,-3.275026321411,-3.937704086304,3.513899438771,7.92352587,1.89904470204,-0.171173283776,0.1,60,59,2.399999936422,1.716666698456,32.888258480353,0,100,0.200000047684,0.800000071526,0.400000095367,-0.299999713898,0,2.10000038147,1.10000038147,0.059610282725,0.8,6.600000023842,10.20000000298,0,7.8,
2004,ISL,0,0.061130101386,10,1.97019066,-0.5,0.699998855591,-0.200004577637,4.68250998,-1.44255819,28,3.264252667387,14.041764642765,98.7,100,-1.566666666667,0.74,1.08600954,0,0,0,0.1,0,0,3448.4866,2.754508972168,1.043975830078,0.708819395437,2.47903251,18.691533347944,0,0.1,67,67,2.900000095367,2,0,0,11737,-0.5,-0.600000023842,-1.299999952316,1.199999809265,0,-4.800000190735,3.699999809265,0.183129499033,0,5.800000190735,11.20000038296,0,8.9,
2004,IND,41.336555111154,0.029588046565,0.701069694661,2.29252358,-1.799999237061,1.299999237061,0.5,0.00832657,0.319767006,35.2,0.240686657118,5.998070281147,56.8,93.7,-0.638461538462,0.289646521,-0.038627442,-7.325000127157,0,0,3.683351468091,0,0,919.3932,0.25665473938,0.099678039551,19.019811158371,1.621727327,5.462703590606,0.025187639813,0.4,60,60,-7.700000127157,1.266666650772,14.504440816929,106.459378886998,417527,-1.4,-2,-0.099999904633,0,0,-0.10000038147,-0.10000038147,-0.039861071829,3.7,90.5,81.699996948242,4.401941627539,4.3,
2004,IDN,12.43594101466,0.073597650045,-0.352793456606,3.65433919,-2.200000762939,-0.799999237061,3.100002288818,0.010127268,0.995034914,39.5,-0.358824162059,16.390944241137,67.6,92.1,-0.48,0.213266096,-0.342198261,-4.683333502875,0,7400000000,6.123064108878,0,0,816.7753,0.038291931152,-0.730247497559,5.611248056858,5.230350315,6.434500542395,-0.156942996893,0.2,55,55,0,0.10000038147,25.465848430642,26.306601005373,724539,0.60000038147,0.800000190735,0.099999427795,0.60000038147,0.39999961853,2.5,1.799999237061,-0.024944242529,2.2,70.20000076294,61.799999237061,4.000791832938,5.3,
2004,IRN,61.95474721038,-0.645375695794,0.0634115409,5.50665976,0,-0.300001144409,0.299999237061,0.019681769667,1.18604532,43.6,-4.426739707081,1.864535365394,87.4,98.1,-0.757142857143,0.556278047,-1.70650292,0,0,0,1.70689612326,0,0,694.002,0.930485725403,0.609600067139,16.568692444946,2.286617878,1.023142852021,-0.128356031589,0.1,80,80,-4.354545593262,2,5.254105367793,0,100,-0.766666677263,-1.111111111111,-3.099999427795,-1.699999809265,-1.89999961853,-5.29999923706,-3.300001144409,-0.072211775462,0,60.099998474121,41.900000572205,9.938383935128,3.3,
2004,IRQ,-302.044432512799,-4.230103649908,-3.147222288042,9.08341468,-3,-1.10000038147,4.099998474121,0.000011575,-0.680847579,28.6,0,0.077757859699,84.4,94.5,-1.1625,0.3,-6.65430378,0,0,0,0.1,0,0,2347.2914,0.574995994568,-2.607986450195,4.421348115639,1.843773682,0.0227133302,-1.667735248152,0.1,80,80,0,0,0,0,100,0,0,-1.400001525879,-1.299999237061,-1.300001144409,-2.800003051758,-2.70000076294,-0.069729619853,8.8,55.699998855591,41.60000038147,0,3.1,
2004,IRL,-312.240541634506,-0.035672126478,-10.427929622802,1.95368073,-0.200000286102,-0.199998855591,0.199996948242,2.68043373,0.57207635,33.6,0.615425339825,34.042938757634,88.1,96.5,1.266666666667,2.68,-1.28500979,0,0,0,0.1,0,0,3102.1884,-0.696292877197,-0.227195739746,1.913053301192,7.20616738,0.510175105675,-0.540241985045,0.2,65,65,1.700000762939,1.39999961853,0,0,1428,-0.600000143051,-0.400000095367,-0.200000047684,0.199999809265,0,0.5,-0.10000038147,0.198912006622,0,5.099999785423,17.200000405312,0,8.7,
2004,ISR,856.942504571001,-0.124370099183,1.311733622529,-0.35991611,0.100000023842,-0.199998855591,0.100006103516,5.178694462,-1.11099364,41.7,4.502084605615,16.852091224509,100,100,-1.225,3.17709187,-1.083238538,0,0,0,0.1,0,0,2764.4028,0.811820983887,1.088512420654,18.732848723761,7.4043362,1.305665818779,-0.010130562019,0.1,67,62,-2.627272692594,-3,0,0,140.4,-0.400000095367,-0.5,0,-0.900000572205,-0.5,-0.900001525879,-2.5,-0.037959946529,0.1,5.100000023842,9.099999621511,4.154512127109,5.9,
2004,ITA,315.885339442,-0.079045822027,-2.599452765433,1.93317224,-0.599999904633,-1,1.5,4.220195914,-1.41143367,34.3,1.585218069455,8.037390501736,99.5,100,1.133333333333,4.2,-0.461250498,0,0,0,0.1,0,0,2453.8632,1.86203956604,2.483348846436,4.980649137595,9.59122352,1.42071971027,-0.009104868908,0.3,59,59,3.116666793823,2.316666603088,0,0,100,-0.299999952316,-0.599999904633,-1.699999809265,-0.599999904633,-0.999999523163,-2.200000762939,-2.799999237061,0.202364856909,0,17.900000095368,22.500000715256,0,7.2,
2004,JAM,-506.64114763059,-0.08290368635,-0.878043555174,5.82049684,-1.799999237061,0.89999961853,0.800003051758,0.672882108,-1.45897665,45.5,-0.008114278773,0.12433986161,79.5,97.7,-2.65,2.2,3.30359977,0,139022000,87816000,8.17898894414,0,0,1799.6957,0.135677337646,-0.201847076416,1.771547105381,9.38361397,7.924876540024,-0.3470068711,2,80,80,0,0,20.609096432777,28.175254821835,269616,0,0,-1.299999237061,0.500000476837,-0.300000190735,7.500001907349,4.5,-0.030664172419,0.2,32.400000095367,38.900001525879,0,5.7,
2004,JPN,891.085367168402,0.000330869669,-2.478730564775,-0.0086333,-0.099999904633,-0.89999961853,1,3.63688791,-0.57556108,32.1,1.001501268814,24.104323287306,100,100,-0.74,13.95866374,0.247968428,0,0,0,0.1,0,0,6672.4163,-0.315544128418,-1.224796295166,6.137904370087,3.66659995,1.624259381567,-0.353829408347,0.1,60,60,-0.554545445876,-0.245454549789,0,0,455394,-2.350000143051,1.050000190735,-0.599999904633,-0.599999904633,-0.60000038147,-0.5,-0.89999961853,-0.338968161289,0,15.200000286102,14.300000190735,-5.765757720092,9,
2004,JOR,-277.031210640967,-0.28780881961,-8.560680367355,2.34135567,0,1,-1,0.104455171,0.03264547,33.9,4.289500874984,1.904315151582,98.4,98.1,-2,3.192736354,1.731868215,0,204000,58000,6.027079714691,0,0,967.9252,-0.037257194519,0.312366485596,10.826392138512,5.30018966,14.229412127799,-0.477616213623,0.1,80,80,0,0,14.474472050167,41.745496090857,500.9,0,0,1.39999961853,-0.10000038147,0,1.900001525879,-0.10000038147,0.489093076968,2.3,2,11.000000178814,5.032026397516,4.9,
2004,KAZ,330.84201408762,-0.023907201317,-0.575511573426,3.69524499,-1.70000076294,0.5,1.20000076294,0.006633347,2.00118062,31.4,-0.410582823285,8.796182941568,96.7,98.4,0.6,0.649979904,0.443836289,0,0,0,3.968135055743,0,0,500.8834,-1.237419128418,-0.963668823242,7.023365835318,7.396844351,14.031413894874,0.235573672379,0.1,63,58,0,0,37.98397930072,27.913919661318,100,-0.372727264058,-0.454545454545,-0.599999427795,-0.199999809265,-0.400000572205,-0.700000762939,0.099999427795,0.355358288567,3.7,38.700001478195,33.599998474121,0,6.1,
2004,KEN,21.71078378451,-0.003950518535,7.356038706073,5.24175824,-0.300003051758,0.099999904633,0.200000762939,0.002155289143,-0.109390638,48.5,2.501760605967,3.204365704997,29.3,85.8,-0.671428571429,0.081625181,1.80834491,0,1390000,1820000,2.013516367957,0,0,348.6125,-2.7170753479,-1.019256591797,9.490345299477,2.617386996,5.522666113068,-0.220779235215,7.9,80,80,2.033333248562,1.561111132304,8.281794900946,21.970059889173,99002,0.27222222752,0.627777788374,0.199999809265,0.099999427795,0.200000762939,0.60000038147,0.39999961853,-0.000081569015,6.4,80.600002288818,52.60000038147,0,4.1,
2004,KWT,2868.201888433983,-0.16134299122,1.896402200511,0.90108127,0,-0.10000038147,0.099998474121,0.296289333,-0.38072048,50,-0.187482957405,0.116752970128,100,99,0,0.52417366,0.287214143,0,0,0,0.1,0,0,1401.3101,0.439043045044,0.132076263428,16.454927981874,13.69536042,0.116351416305,1.120921439496,0.1,80,80,0,0,0,0,8599,0,0,0.399999976158,0.399999976158,0.400000095367,1.5,2.599999427795,0.60139613557,0,0.300000011921,2.799999952316,0.307218564495,6.7,
2004,KGZ,20.287741048628,0.035071282104,-11.776815649356,2.26365957,-4.299999237061,2.60000038147,1.600002288818,0.035218516,0.388150327,34.8,-1.926481156492,9.293892997229,91.1,96.3,-1.6,1.181619039,1.136200783,0,2990000,0,4.060317231782,0,0,1,-2.162117004394,-0.237808227539,21.101224767878,2.486873917,7.311481021259,-0.175318293075,0.1,80,80,2.127272692594,-1.109090891751,17.870423490324,22.045105080114,100,0.966666698456,0.949999968211,-1.800000190735,-1,-1.39999961853,-0.5,-1.799999237061,0.164519019166,10.5,50.299999237061,50.100001335144,0,5,
2004,LAO,57.532703759056,-0.117671433203,-10.681452149222,6.93826277,-0.199996948242,0,0.299999237061,0.000432416,0.074507691,35.4,3.31938183175,0.1,74.2,76,-1.58,0.027522024,-5.02708619,0,0,0,8.198510385635,0,0,1,-0.997764587402,-0.474536895752,3.879275920439,1.584749613,0.1,-0.1529383504,0.2,80,80,-0.491666674614,-0.358333349228,22.924697814075,9.30858092783,100,-0.166666666667,-0.174999992053,0.299999952316,0.399999856949,0.300000190735,0.600000143051,0.900000095367,-0.03240818817,2.5,93.499996185303,87.399997711182,0,5.5,
2004,LVA,635.7492838774,-0.2832425677,-3.676875140441,3.95622895,-0.799999237061,-0.10000038147,0.79999923706,1.32311538,0.23095212,36.4,-0.981110497131,4.886002121394,87.7,99.6,-1.066666666667,11.6,3.259133435,0,0,0,0.1,0,0,3101.8037,-1.987392425537,-2.378406524658,4.001238280077,14.75983797,3.245128171209,-0.198205871671,0.5,62,59.5,-0.200000762939,-0.5,0,0,100,-2,-2.5,0.300000190735,-0.900000572205,-0.400000572205,4.299999237061,-0.5,0.096240383771,1.1,10.299999713898,10.400000095367,0,7,
2004,LBN,955.78712234828,-0.358637890934,7.034072382025,9.503456176,-0.599999427795,-1.200000762939,1.800003051758,0,-2.62119825,31.8,35.178568403264,2.419247980685,82.2,90.5,-0.6,1,0.107968132091,0,0,0,11.371988420646,0,0,495.9302,0.023944854736,-0.251567840576,16.803876919484,1.39470484,11.633802924943,-1.316447218233,0.1,80,80,-3.033333248562,-1.777777777778,34.582197497866,69.335925499854,1278,-1.200000021193,-1.222222222222,-0.5,-0.700000286102,-0.699999809265,-1.299999237061,-1,-0.666718361404,7,14.400000095368,37.500001430512,0,3.9,
2004,LBR,-174.322340495776,0.652210259595,0,4.04579188,-1,0.400000095367,0.5,0.000299506,-0.0116287852,36.5,89.62567797212,0.1,25.6,79.6,-0.722222222222,-0.00085775,-2.501201071,-7.224999745687,1117720000,1123037000,0.431125838929,0,0,212.155,-0.0094871521,-0.063846588135,4.832120505128,1.450906962,0.1,7.211081724314,3.2,80,80,-2.416666666667,-1.591666698456,0.431125838929,0.485249128993,100,-0.274999996026,-0.299999992053,-0.099999904633,-0.199999809265,-0.099999904633,0.200000286102,-0.100000143051,0.181831356241,2.8,90.900001525879,73.099998474121,0,4.4,
2004,LBY,-734.679234801772,-0.153070505699,-0.541218793213,-1.74681506,-1.799999237061,-2.199998855591,4,0.0786856123,0.68691336,50,0,0.1,96.8,72.1,0,0.718320175,-0.006415821,0,0,0,0.1,0,0,1,0.343660354614,0.032264709473,0,6.737308794,0.007190806986,-0.247887730597,0.1,80,80,0,0,0,0,100,0,0,-0.5,-0.300000190735,-0.300001144409,-0.5,-0.5,-0.008098500121,0,33,29.499999046326,0,6.4,
2004,LTU,1367.721220437788,0.135210200864,-0.137009245752,0.88333348,-2.400001525879,0.900001525879,1.5,1.894650841,0.20506457,37,-1.452979377599,4.721934471659,94.4,97.4,0.966666666667,5.32,2.327074745,0,0,0,0.1,0,0,1845.5997,-9.706962585449,-4.160007476807,13.113983344144,29.31209649,1.895182772254,0.218332680217,0.1,62.5,59,-1.733333269755,-1.550000031789,0,0,100,-0.5,0.199999809265,-2.199999809265,-2.300000190735,-2.199999809265,-16.29999923706,0.199998855591,-0.31093537081,0.6,14.5,19.299999237061,0,7.7,
2004,LUX,5616.960629202098,-0.01839612853,0.991390850852,1.90536198,-0.700000047684,-0.299999237061,1.099998474121,4.649045623,-0.55253625,30.2,17.035659505113,10.511303932259,97.5,100,-1.383333333333,11.33,0.175840393,0,0,0,0.1,0,0,3030.5395,-2.799863815308,-1.487117767334,1.795578808841,-16.4963472,4.988431842464,0,0.1,60,60,2.099999904633,0.099999904633,0,0,100,-0.599999904633,-0.400000095367,2.400000095367,0.700000047684,1.399999856949,10.199998855591,2.300000190735,0.192072725829,0,5.100000202656,5.599999904633,0,9.7,
2004,MDG,-14.540884460806,-0.015330335872,-8.103487904301,6.51036066,3.300003051758,-2.299999713898,-1.099999427795,0.000903664375,-0.015123686,39.9,-4.791530237936,0.565536744914,16.8,77.1,-1.675,0.102101236,15.659806596,0,75619000,159000,3.342441952254,0,0,261.9915,-0.193336486816,-0.242149353027,9.906657487925,0.234752514,2.491195323091,-0.398212354053,0.2,80,80,-0.307142870767,-0.235714282308,8.883624421222,13.164955784736,34825,-0.128571425165,-0.16428571088,-1.39999961853,-1.100000143051,-1.200000047684,-2.299999713898,-2.5,-0.035777154662,7.7,79.599998474121,56.300001144409,0,4.5,
2004,MWI,9.529683956907,-0.019115992087,1.130074282301,5.70565712,-0.100006103516,-0.099999904633,0.299999237061,0.000534147,0.045394314,39.9,-0.330599698662,0.956038501414,46.5,93.7,-1.15,0.068690219,1.853008211,0,28307000,0,4.399921479412,0,0,137.9404,0.310371398926,1.202598571777,6.050795076952,0.663325289,0.322067268476,-0.151336469932,13.5,80,80,0,0,10.542208378894,3.881782896288,100,-0.646666653951,-0.713333320618,0,0.099999904633,0.099999904633,0.099999427795,0.099999427795,0.057107213468,13.3,72.800001144409,59.700001716614,0,5.9,
2004,MYS,366.78393792097,0.023789015842,-5.178143980117,1.27407758,0.300000190735,-1.89999961853,1.599998474121,0.551914693,-0.83750334,46,0.172665660003,55.657664229165,94.1,98.3,-0.783333333333,7.28111329,0.525725991,0,0,0,1.402816829595,0,0,1135.8179,-0.628353118896,-0.355617523193,11.982174170418,12.91132079,1.108642874745,-0.013220167383,0.7,55,55,-0.844444433848,-0.466666645474,6.19389273326,109.722369344298,1302967,-0.35,-0.390000009537,-0.199999809265,-0.100000143051,-0.099999904633,-0.199999809265,-0.199999809265,-0.09276964001,1.8,22,21.799999713898,0,7.2,
2004,MLI,-3.102072933684,-0.047870543574,-3.232215670489,-2.58145592,-0.900001525879,1.300000190735,-0.399997711182,0.003128664875,0.025845402,38.9,-10.376979134187,4.155231912097,34.5,77.4,-1.28,0.122455197,-1.753055091,6.018750190735,6469000,0,2.234528510505,0,0,469.8713,0.065626144409,0.12296295166,10.409265998226,1.312159533,0.111694255271,-0.120853933712,1.6,80,80,-1.316666682561,-0.891666650772,7.978272775406,0,100,-1.056249976158,-1.225000023842,5.999999523163,3.199999809265,4.300000190735,7.39999961853,3.999999523163,0.052631552405,1.8,93.299999237061,83.70000076294,0,5.6,
2004,MLT,0,-0.039495999754,-4.955673150807,2.34434407,0,-0.199998855591,0.199996948242,3.589274778,-0.59054687,50,-0.761989580616,58.132264485311,100,100,0,2.98,1.486990707,0,0,0,0.1,0,0,2157.604,-5.552101135254,-3.277328491211,0.704813814985,3.65543777,0.327916722079,0,0.1,61,60,-2.333333333333,1.75,0,0,40990,-2.400000214577,-2.300000071526,-1.699999809265,0.5,-0.199999809265,-1.700000762939,3.300000190735,0.004471061474,0,3.999999955297,12.10000038147,0,8.7,
2004,MRT,9.754543502922,-0.145584933262,4.058623516142,6.3042306,0.899997711182,0.799999713898,-1.700000762939,0.000744671,-0.01091449,40.2,0.444952073373,0.002046524954,44.6,49.4,-1.65,0.057465542,5.215721842,0,93695000,0,1.621669739938,0,0,345.3445,-0.665170669556,-1.027484893799,0,5.26356006,59.826749472719,-0.190389979759,0.9,80,80,0,0,5.847586952375,1.65771326913,100,0,0,0,0,0,0,0,-0.068300517436,1.6,53.700000047684,40.600000858307,0,4.7,
2004,MEX,173.229558064781,-0.021213952952,0.87096918413,3.46691654,-0.200000762939,-0.10000038147,0.299999237061,0.570166831,1.41056213,46,3.196808347423,21.285396419904,84.2,94.8,-2.25,1.2,0.140144948,-8.485714503697,0,0,4.985141619865,0,0,1132.9971,0.842693328857,0.89038848877,1.006624631555,7.29950064,1.643549999381,-0.193538252575,0.2,65,65,-4.771428789411,1.228571483067,19.100374531432,38.697690494433,1309.13,2.299999952316,2.900000095367,1.100000143051,0.5,0.700000047684,2.400000572205,0.900000095367,0.046530432566,2.4,35.400000572205,30.699999809265,5.882352941176,5.6,
2004,MNG,154.209472465205,-0.110272635878,-3.838608398706,4.02605872,4.29999923706,-1.599999427795,-2.599998474121,0.015799674,0.252242589,35.8,-1.131996362482,0.136888490427,65.4,72.1,-1.46,1.8,3.1121595,-4.959999847412,0,0,1.835520212911,0,0,239.0558,-1.387825012207,-0.970317840576,1.638822236803,4.25124379,54.480562619488,0.649119639996,0.1,60,55,-2.525000095367,-2.087500095367,3.477943601612,13.041659281297,100,0.5,0.480000019073,-2.900000095367,-3.399999856949,-3.200000286102,-3.700000286102,-4.599999427795,0.019756330184,0.8,72.199998855591,80.5,0,6.4,
2004,MNE,632.949893427199,-0.805863462554,5.209097584805,11.743639921429,-0.299999237061,-2.299999237061,2.399993896484,-0.177811698286,-3.965282062857,30.2,-0.369371303642,0.1,92,99.2,-1.214285714286,4.225011433333,0.365564072625,0,0,0,3.433522890088,0,0,2374.1344,-0.152849197388,-0.125438690186,0,13.117228215,0.1,0,0.1,80,80,-0.44705881792,-0.523529389325,9.7730739164,53.014480643741,13195,-0.992307662964,-1.046153875498,-1.39999961853,-1.699998855591,-1.5,-8,-4.299999237061,-1.128039378023,8.1,14.300000429153,19.099999189377,0,7.1,
2004,MAR,58.91542168973,-0.015003097295,1.330641336308,1.307113,0.700000762939,-0.700000762939,0,0.207407982,0.262179767,40.7,-0.946104209111,10.180174177756,82.8,96.7,-1.083333333333,8.254568089,0.325710359,0,10773000,0,4.132520223676,0,0,1871.2375,-0.234479904175,-0.537548065186,12.173775236377,6.39782216,8.209964748592,-0.118479599367,0.1,80,80,0,0,19.992311386302,97.824578337719,5476713,-47.057142121451,-58.435712814331,-1.60000038147,-0.89999961853,-1.099999427795,-1.39999961853,-1.599999427795,-0.003448755977,0.8,67.89999961853,56.399997711182,-6.94100485124,5.4,
2004,MOZ,12.903545203674,0.027402852244,4.585500235878,6.669967026654,-0.199996948242,0,0.200000762939,0.00127447525,-0.022148574,45.6,-9.77840711632,11.281540739268,38.6,76.6,-0.866666666667,0.259908991,-0.762829997157,0,418601000,4881000,2.040273235863,0,0,365.5068,0.101989746094,0.771427154541,6.645049192053,1.27133732,61.58048571202,-0.456998936035,13.4,80,80,-0.885714258466,-0.528571435383,3.34480050675,25.633105204551,100,-1.457142829895,-1.449999945504,0.10000038147,0.199998855591,0.10000038147,0,0.099998474121,0.008405985463,2.4,95.700000762939,77.600003242493,0,7,
2004,MMR,-79.845102334486,-0.502432465031,3.749586148278,1.76609559,-2,0.699999809265,1.29999923706,0.000069178143,0.119725083,38.1,0,0.001822921481,80.5,87.3,-0.429411764706,0.000273243,-32.055503789,-5.047059003045,746777000,74577000,0.056685038081,0,0,1468.9103,-1.396415710449,-0.793167114258,0,0.051198131,0.895479996423,-0.110381382327,0.9,80,80,-1.482352986055,-0.658823518192,0.15468461822,10.957654545978,125085,0,-0.194117644254,0,0,0,0,0,-0.027165838829,2.5,89.200000762939,90.599998474121,0,3.5,
2004,NAM,229.76715698874,-0.040540469117,0.902210696745,2.77314921,-0.89999961853,-0.10000038147,1.100002288818,0.000944381429,-0.043167641,61,1.626113505853,5.418383018998,57.3,98.4,3.05,0.444875729,-2.999520984,3.871428625924,0,0,0.1,0,0,301.5158,-0.023410797119,-0.157573699951,9.557740848646,2.99158138,19.67998229663,-0.256249845899,15.3,80,80,2.514285768781,1.928571428571,0,0,100,0.328571421759,0.264285717692,3,0.200000762939,1.5,2.29999923706,-3.599998474121,-0.133821923643,0.7,27.800000190735,17.100000143051,0,8,
2004,NPL,9.403710852483,0.205667551416,-0.595400237962,1.71446319,1.199996948242,-0.400000572205,-0.89999961853,0.000469590375,0.160977582,32.8,0.678537963113,0.41337382026,46.9,93.4,8.914285714286,0.067032734,-2.865198007,-9.969999694824,0,0,2.563235592531,0,0,2474.7739,-0.627983093262,-0.794586181641,12.285907203586,0.134772418,5.465305407935,0.10929123999,0.3,80,80,-2.439999961853,-2.220000076294,9.152903800799,45.382385123962,100,-0.459999990463,-0.509999990463,-1,-1.199999809265,-1.099999904633,-1.099999904633,-2.299999713898,-0.126645792688,26.9,92.499998092651,74.400001525879,0,3.5,
2004,NLD,778.708210052304,-0.085546570151,12.777122406591,1.11425181,0.299999952316,0.200000762939,-0.5,7.44218339,-0.16971926,29.8,0.832545474509,30.467361756601,97.5,100,1.4,4.17,-0.874188975,0,0,0,0.1,0,0,4200.6025,-1.248039245605,-1.73722076416,3.772152404547,9.42243092,2.209429989388,-0.11143305703,0.2,65,65,-0.300000190735,0.400000095367,0,0,100,0.400000095367,0.399999856949,1.200000047684,0.900000095367,1,1.60000038147,1.200000286102,-0.215160618927,0,7.700000166893,9.000000193715,0,8.6,
2004,NZL,591.648289935602,-0.039214880097,-2.227514910605,1.8907878,-0.60000038147,0.300001144409,0.199996948242,2.635158229,-0.57860544,50,-1.311022754323,9.572334263697,0.1,100,0,0.88508794,1.166658914,0,0,0,0.1,0,0,2076.4722,-0.821865081787,0.452095031738,4.121610839201,9.56761156,4.026029156175,0.272736687483,0.1,65,65,-1.555555555556,0.877777788374,0,0,313057,-2,-2.299999952316,-0.599999904633,-0.800000190735,-0.800000190735,-0.199999809265,-1.5,-0.573436347882,0,9.200000166893,14.800000011921,0,9.1,
2004,NIC,36.70271176443,-0.018063865349,-2.397699532611,4.48363205,-0.200000762939,0.299999237061,-0.099998474121,0.010050501,0.126958659,49.2,2.998895071073,6.560706899978,70.1,95.9,-1.175,0.440252077,3.167822904,0,349714000,14297000,3.893560145808,0,0,508.6982,0.570428848267,-1.885749816895,4.358185954109,4.936845447,0.942686328536,-0.381050656685,0.3,80,80,-0.10625000298,-0.07500000298,10.693398136898,13.127793226725,100,-0.324999988079,-0.44374999404,-1.400000572205,-1.200000286102,-1.300000190735,-2.800000190735,-1.60000038147,-0.023474945937,8.7,47.199998855591,46.799999237061,0,5.3,
2004,NER,0,-0.02028202357,13.918185670988,0.21504377,-0.5,0.200000762939,0.299999237061,0.000100979167,0.001669636,44.4,0.083461216158,3.59364642608,30,84.7,-0.828571428571,0.03423503,1.876951449,-7.338461655837,2930000,0,2.491487391822,0,0,123.8557,0.272792816162,0.255264282227,0,0.684549559,35.488665200198,-0.544588562026,1.1,80,80,-2.415384586041,-0.507692300356,7.791243674947,0,100,-0.184615391951,-0.261538468874,1.199999928474,1,1,2.800000071526,1.599999904633,0.094189100804,1.9,95.400001525879,92.699998378754,0,3.7,
2004,NGA,356.68579974735,-0.009107449256,31.372948840857,6.85446642,-4.599998474121,-0.10000038147,4.599998474121,-0.000051171714,0.085194841,43,22.638315394774,7.787441826243,35,78.9,4.2,0.727561396,0.96625021,0,3893347000,1659000,1.427111891869,0,0,527.2183,0.012363433838,0.020584106445,7.376149176062,4.349864552,0.005746143025,-0.147752962492,4,80,80,-1.559999974569,-1.180000050863,4.470197683671,43.251542150202,100,0,0,0.099999427795,0.099999904633,0.099999904633,0.10000038147,0.099999427795,-0.008205711508,8.9,46.699998497963,32.700000047684,0,3.1,
2004,NOR,3590.605245512801,-0.072200846559,-2.026176326753,0.40776699,-0.200000047684,-0.900001525879,1.099998474121,5.893540458,-1.51741703,31.6,2.361749277694,17.435913361174,98,100,1.466666666667,-0.44,-2.010006276,0,0,0,0.1,0,0,4421.3265,1.30937576294,-2.422962188721,5.192416502885,9.55884692,7.046263435279,0.117165666191,0.1,67,67,-0.5,-1.10000038147,0,0,100,0.200000047684,0.200000047684,0,0.099999904633,0.10000038147,0.300000190735,1.599999427795,-0.236947557912,0,3.399999916554,8.300000011921,0,9.6,
2004,OMN,208.7290063234,-0.359331583674,2.962660075219,0.56095737,0.10000038147,1.39999961853,-1.5,0.021417909,-0.033900459,50,2.761637323099,0.678341541236,96.7,90.1,0,-0.496890775,0.571566174,0,0,0,0.1,0,0,2294.0923,-0.129217147827,-0.422985076904,40.023798691072,7.85968877,0.8898743883,-0.198651777119,0.1,80,80,0,0,0,0,252,0,0,-0.29999923706,0,0,0.300003051758,0.29999923706,0.775361331928,0,10,10.300000369549,0,7.4,
2004,PAK,30.292428843794,-0.053368443491,18.904679616032,3.51429235,0.799999237061,-0.5,-0.299999237061,0.001320311143,0.246388856,32.5,-1.19925208411,1.092766992122,74.7,95,-2.933333333333,1.123162859,4.530489992,6.766666412354,0,0,4.678696828235,0,0,448.9428,0.68155670166,0.104949951172,29.538741195183,1.659940161,0.345579443787,0.082577579571,0.1,80,80,-4.741666793823,0.633333325386,26.367804136496,29.500932775611,100,-4.349999904633,-5,-3.599999427795,-0.5,-0.900000095367,-5.699998855591,-1.5,0.002050078437,9.2,68.699998855591,59.700000762939,3.74129631293,2,
2004,PAN,44.18662492614,0.367999376265,-2.401858952337,0.1441111,-1.5,0.5,1.200004577637,0.042890857,1.09073523,55.1,5.04896047367,2.324074770077,80.2,97.8,0.2,1.153438463,-0.209048588,0,0,0,6.098382062914,0,0,688.9952,-1.412441253662,0.145557403565,0,16.77644898,3.932182855737,-0.12551240032,0.7,80,80,2.709090839733,0.954545454545,14.395051358389,7.479750492701,100,-1.800000190735,-1.200000762939,-1.5,-1.200000762939,-1.300000190735,-3.5,-2,-0.022995532872,2.3,23.599999904633,34.599999189377,3.178969891487,5.8,
2004,PNG,-68.595652672621,-0.00690322136,-4.641406841133,1.6009882,-0.400001525879,0,0.299999237061,0.0045596948,-0.01684391,41.8,9.117145135329,60.858764328413,58.7,87.7,-0.463636363636,0.133508104,-12.550146657,0,0,0,1.788346194637,0,0,462.8847,0.00386428833,0.013164520264,0.370978385077,0.510607188,31.19750227675,-0.098802093987,1,80,80,-2.416666666667,-2.199999968211,8.834502506138,37.30229249186,100,-0.225000003974,-0.200000007947,0,0,0,0,0,-0.030204536137,4.7,63.89999961853,61.300001144409,0,4.1,
2004,PRY,52.46971616876,-0.403409318143,-5.289387625051,2.76854928,0.100002288818,0.800000190735,-0.900001525879,0.043847575,0.296047148,52.6,12.215798660609,6.746385962983,86.7,93.5,0.6,1.340496349,-9.91353212,-7.054545315829,308000,13000,3.90821272097,0,0,180.6216,-0.585865020752,0.055847167969,5.036445654233,-0.96443655,0.404296477051,0.51201414615,0.3,80,80,2.454545454545,0.69999998266,11.115456727029,15.83386096197,100,-0.477777798971,0.455555544959,-1,-0.199999809265,-0.5,-2,0.199999809265,-0.208222784173,2.5,55.10000038147,51.499999046326,0,3.9,
2004,PER,43.81145241827,-0.193411657924,-0.689466475638,3.02924343,0.199999928474,-0.799999237061,0.599998474121,0.483711581,1.211441283,51.2,-0.138444597903,2.893579861673,77.2,89.9,0.1,2.5,1.403095667,-15.166666666667,16064000,9279000,9.902371920551,0,0,862.8955,1.983856201172,1.855445861816,7.942651587263,4.11052318,48.108346449464,0.11119906823,0.5,80,80,4.166666666667,2.649999936422,18.722619546835,39.898212113808,1450375,-0.39999961853,-0.599999904633,2.199999809265,-0.39999961853,0.699999809265,6.400000572205,-3.799999237061,-0.026819809082,3.2,62,46.400000572205,4.204115767599,4.3,
2004,PHL,39.14788192376,-0.020498891038,-4.254990695057,3.40248962,-0.599998474121,0.099999427795,0.599998474121,0.039079215,0.037658027,42.9,1.800254155871,72.633321451777,73.9,92.5,3.7,0.385956185,2.540054209,0,0,0,10.387254388624,0,0,1030.9533,-0.634525299072,-0.527694702149,8.58207852103,11.85195317,2.359440582935,0.103735275529,0.1,80,80,3.9375,2.275000095367,31.641417036404,26.549135965307,238449,-2.666666666667,-2.550000031789,0.39999961853,0.5,0.400000572205,0.700000762939,1,-0.083627820747,3.9,46.300001144409,40.60000038147,-230.525455244934,3.8,
2004,POL,303.18622412029,-0.12759123062,-6.105137719791,2.93551492,-0.5,0.5,0,1.779549237,0.70385525,35.4,0.8419706754,3.337117593588,95,99.1,-0.2,7.66,2.788628649,0,0,0,0.1,0,0,1773.8649,-0.8791847229,-1.535690307617,4.474693180935,14.92775699,4.093420470713,0.033301088203,0.1,65,60,2.399999936422,-2.416666666667,0,0,100,-0.200000286102,0.099999904633,-0.199998855591,-0.299999237061,-0.299999237061,-1.29999923706,-1.300003051758,0.007027631689,1.9,21.099999427795,23.699999332428,0,8.1,
2004,PRT,171.395265662901,-0.024115434319,0.38543785195,2.06504069,-0.699999809265,-1.60000038147,2.299999237061,3.191994235,-0.56193744,38.9,2.141235870006,8.683514546493,98.6,99.1,1.066666666667,2.11,-0.927354634,0,0,0,0.1,0,0,2520.5137,-3.364601135254,-1.118236541748,4.822240821821,5.06710946,1.860038268081,-0.380878418294,0.1,65,65,1.800000031789,1.616666634878,0,0,1049000,0.199999809265,-1,-0.10000038147,0.400000095367,0.200000286102,-0.900000572205,1.699999809265,-0.150219662965,0,20.300000429153,19.300000011921,0,8.2,
2004,QAT,-6756.893073760766,-0.416055306734,1.379410078949,4.30601373,0.100000143051,1.099998474121,-1.20000076294,1.062147781,-1.44921928,50,1.732506328685,0.02032035845,98.9,99.6,0,1.45931143,4.534771606,0,0,0,0.1,0,0,808.2436,-0.517459869385,0.741806030274,10.370808934493,11.0354063,0.127990712938,-2.533504352566,0.1,80,80,-2.790909160267,-0.263636372306,0,0,732,-0.006666666766,-0.040000001589,-11.10000038147,0.100000023842,-1.799999952316,-24.299999237061,3.39999961853,3.342876041158,0,0,0.60000000149,0,8.8,
2004,KOR,599.8407559195,-0.03181994871,-0.770984364144,2.90614718,-0.699999809265,-0.10000038147,0.800003051758,1.48001056,-3.57443256,31.7,2.266414621159,32.917349280819,100,98.9,-0.9125,7.2,0.075712149,0,0,0,0.1,0,0,1,0.944355010986,1.008108139038,13.092969069391,6.07507344,1.682860183741,-0.227703063214,0.1,80,80,0,0,0,0,100,-0.20624999702,-0.22499999404,0.099999904633,0.099999904633,0.100000143051,0.300000190735,0.300000190735,-0.12760824015,0,32.70000076294,32.599999666214,0,6.7,
2004,MDA,82.26204493173,-0.094904612088,6.233600186918,6.4747802,-0.099998474121,-1,1.100002288818,0.048132648,2.250735,35,-3.864590604662,2.680779741606,87,96.8,-0.3,3.221846256,0.8555128,0,10649000,23413000,4.654949677032,0,0,1,-0.019582748413,0.688173294067,1.324277893579,8.34461572,2.335905847855,-0.096956626277,0.2,80,80,1.991666634878,-2.683333396912,18.367432777527,22.244148635925,100,-0.599999984105,-0.541666666667,-0.099999904633,0.5,0.199999809265,0.5,2.60000038147,0.033680937111,2,34.699998475611,48.000001527369,0,6,
2004,ROU,420.59259089758,0.000012433536,6.100621490001,7.21533499,-5.100002288818,2,3.200000762939,-0.412748083,0.29293522,30,1.927067406309,3.72474565997,90.5,97.8,-0.1,6.1,-3.39710327,0,4882000,5147000,4.300799159569,0,0,3743.0518,2.256568908691,1.297695159912,6.45711012644,14.39316468,4.676623616065,0.014701160835,0.1,63,57.75,-1.5,0.5,17.740802161108,54.212881743133,100,-0.5,-0.200000047684,-0.200000286102,1.599999904633,0.699999809265,-1.299999237061,6,0.148979509451,2.2,33.400000572205,32.800000190735,0,6.8,
2004,RUS,701.3536666394,0.093373244998,-1.379412924436,5.34153531,-0.699999809265,-0.799999237061,1.5,0.230925621,1.75749701,40.3,1.889198001537,12.924528911798,77.4,98.4,-0.1,4.560528284,-2.8187656,0,3035416000,67124000,3.370851474181,0,0,1,-0.347938537598,0.304092407227,16.437083264012,26.13696792,7.671375306707,0.161443232042,0.1,80,80,1.618181748824,-0.954545454545,9.361461437517,58.942048593243,100,-5.699999809265,-6.700000286102,-0.400000095367,-0.5,-0.39999961853,-0.099998474121,-0.39999961853,0.068794831878,1.2,5.699999906123,6.10000000149,0,5,
2004,RWA,31.227174972539,-0.214830902002,0.271830023415,6.46467387,-2.700004577637,0.399999856949,2.300000190735,0.002067489667,-0.031900125,52,5.671410102763,19.889925753819,59.7,85.8,-0.9,0.073935776,4.80101015,0,15153000,169000,6.025245258059,0,0,106.2903,-0.614013671875,-1.102035522461,2.374366176608,0.050943845,34.205596308327,-1.141231382071,4.2,80,80,-0.34375,-0.23749999702,12.958809204366,18.832607453626,100,-0.681249976158,-0.725000023842,2.199999928474,1.300000071526,1.799999952316,2.700000047684,1.600000023842,-0.276033755315,8.7,91.600003242493,78.800001621246,0,5.2,
2004,SAU,1348.0244630527,-0.156595412034,4.994898527081,0.25205521,-0.299999713898,-0.299999237061,0.599998474121,0.086966845,0.17299175,50,-2.640131088811,0.313869624392,99.1,96.4,0,2.232950109,-0.257036495,0,0,0,0.1,0,0,1635.2479,0.222420692444,-0.242542266846,0,6.81628934,0.172800797544,0.004580627678,0.1,60,55,-2.590909090909,-0.818181818182,0,0,8599,-0.309090917761,-1.027272744612,0.700000762939,0.099999904633,0.200000286102,2.799999237061,1.199998855591,0.00988956303,0,2.699999906123,5.199999906123,2.44193989071,5.5,
2004,SEN,10.452691377724,-0.036009798739,3.776556312588,0.43918328,-1.900001525879,0.599999427795,1.199996948242,0.047561624,0.089352887,39.2,-1.100467615902,5.816501408582,62.2,91.3,-1.55,2.28458755,0.538195782,-5.494117736816,121000,0,3.196255831172,0,0,567.2787,-0.256059646606,-0.56999206543,16.519856183604,2.893411957,3.8697791987,0.336739064321,0.8,80,80,-2.517647013945,-1.688235338996,14.619462138519,0,100,-0.623529434204,-0.694117658279,0.39999961853,0.299999713898,0.299999237061,0.599998474121,0.400000572205,0.068192634069,5,85.5,67.10000038147,0,5.3,
2004,SRB,502.411595392646,0.038333701736,-4.16743215254,5.57766961,0.799999237061,-1.300001144409,0.400001525879,0.058178435429,4.465157881667,33,4.651617373961,4.259804757267,97.8,99.6,0,3.916666666667,1.150183823,-1.800000031789,230337000,459812000,7.606762624561,0,0,927.0095,-1.590728759766,-1.634311676025,8.727897125778,7.864150885,10.896852463287,0.048718270162,0.1,63,58,-1.972727342085,1.963636398315,27.295783228949,59.786000588718,38322,0.763636328957,0.872727307406,3.699998855591,2.999999046326,3.300000190735,8.400001525879,6.900001525879,-0.024933221439,1.3,23.199999809265,26.000000476837,0,4.9,
2004,SLE,11.67661249307,-0.047345514091,4.696809691287,7.651018415,0.800003051758,-0.099999904633,-0.700000762939,0,0.000884345,34,-3.340237831589,0.027292559967,22.2,78.2,8.2125,0.012834399,6.588896836,0,1466000,36000,5.680426937486,0,0,824,3.116428375244,3.168998718262,9.01420650259,1.179684371,86.419617124243,-1.025064981492,1.4,80,80,-0.662500023842,-0.59375,10.463869777659,7.431866722342,44,-0.706250011921,-0.71875,0.200000047684,0.400000095367,0.300000190735,0.300000190735,0.699999809265,-0.259376093586,6.6,96,88.100001335144,0,4.9,
2004,SGP,1757.999041667998,-0.312246740699,0.274510838863,1.43340335,0,-1.199998855591,1.199996948242,2.657413702,-1.96731494,50,-1.173380064115,56.876148524544,99.9,100,0,8.16205671,1.154821899,0,0,0,0.1,0,0,2680.6922,0.116554260254,-0.162055969238,30.463138333989,7.13696171,1.197953611223,0,0.1,62,62,0.781818216497,0.472727255388,0,0,801528,3.333333412806,3.966666698456,-0.10000038147,-0.099999904633,-0.099999904633,0.300000190735,0.89999961853,2.726449514975,0,6.999999880791,12.400000005961,4.338029570814,9.6,
2004,SVK,753.72009512861,-0.079657671951,-35.361583127031,5.93159266,-1,1,-0.200000762939,1.044835351,-0.82536695,27.1,1.163868179201,5.479068484509,99.4,100,1.45,9.85,-1.005642172,0,0,0,0.1,0,0,1,-1.422458648682,-1.578834533691,4.502896167507,11.05679507,2.871011655909,0.017871552779,0.1,80,80,0.89999961853,-0.599998474121,0,0,100,2.200000286102,1.5,2.39999961853,0.799999237061,1.5,-0.300001144409,0.100002288818,0.044730734538,0.3,5.600000202656,11.299999810755,0,8.7,
2004,SVN,526.822915047604,-0.152517674383,-0.290043492543,2.93468747,1.300000190735,-0.899997711182,-0.5,2.856921082,9.06520435,24.8,0.615466807887,5.732413185111,99.1,99.8,1.633333333333,8.95520699,-1.989775065,0,0,0,0.1,0,0,2892.7072,6.826326370239,5.196170806885,3.584011993178,5.34887936,4.156702927809,0,0.1,60,61,0.099999904633,-1.5,0,0,182615,-1.599999904633,-0.900000095367,-0.599999904633,-0.300000190735,-0.5,-0.699998855591,-1.900000572205,0.003416533147,0.5,11.400000095367,12.800000190735,0,8.7,
2004,ZAF,192.63985326698,-0.012127979636,1.861858648214,0.94657303,-1.400000572205,1.10000038147,0.300003051758,0.082835016,-0.16540596,64.8,2.604767575212,5.537991576547,66.9,98.8,-0.433333333333,1.417426957,-4.473598083,-3.55,50000,0,2.096644731562,0,0,685.9114,0.176574707031,0.699617385864,4.731986469908,7.85007602,22.177868337285,0.289107396374,16.9,65,60,-2.313333384196,-1.953333282471,6.336834483979,34.473885548035,698340,0.5,0.590000009537,-2.299999237061,-2.60000038147,-2.39999961853,-4,-7.799999237061,0.019065096662,1.6,14.499999642372,8.800000190735,0,6.4,
2004,SSD,0,0.279369117484,-1.489412585408,9.413142357,0,0,0,0.000001608333,-0.00192657625,46.3,-1.561163733633,0.1,16.4,66.7,-0.354545454545,0.255331283,-0.455115783182,0,0,0,0.1,0,0,1,-0.370338439941,-0.572509765625,0,1.2041101575,0.1,0.015639916325,3.4,80,80,0,0,0,0,100,0,0,0,0,0,0,0,0.160014063223,13.6,50,50,0,2.1,
2004,ESP,164.2633578161,-0.056593258208,-2.131167849979,2.53710637,-0.199999809265,-0.5,0.700004577637,2.913605787,-0.27677153,33.3,-0.350932092773,7.25923021007,99.9,99.9,1.15,4.08,-0.002398662,0,0,0,0.1,0,0,2543.4062,0.631523132324,0.354438781738,8.048565685138,1.84399207,1.955815604624,-0.095550523594,0.4,65,65,-0.199999809265,0.300000190735,0,0,3061.89,0,0.10000038147,-0.599999427795,0.099999427795,-0.199999809265,-0.10000038147,0.299999237061,-0.085305065325,0,10.900000333786,13.899999976158,0,6.9,
2004,LKA,32.56445514908,-0.047975614351,-1.132690973297,3.6745868,-1.299999237061,1.5,-0.099998474121,0.086088162,0.207125256,40.3,-1.177320196413,1.529158300468,86,95.9,-1.725,-0.012420248,1.261287959,0,0,0,2.949724214306,0,0,392.6581,-0.189849853516,-0.546772003174,14.472237873987,4.057847875,3.121236522607,-0.017828871279,0.1,80,80,-2.458333333333,-1.300000031789,10.457989721204,19.006809073454,66159,0.372727264058,0.654545437206,0.199999809265,0.199999809265,0.199999809265,1.79999923706,-0.39999961853,-0.000546729702,3,38.5,37.20000076294,5.417988466626,4,
2004,SDN,0,0.048361971665,0.114463870296,4.29255982,-0.200000762939,0.299999237061,-0.100002288818,0.000352410167,0.187054908,35.4,-2.362666943692,0.1,46.5,72.2,-0.618181818182,0.253089912,0.707315554,0,4007898000,1638751000,2.397579421965,0,0,456.7068,-0.715450286865,-0.049175262451,0,1.357062875,0.605896445957,-0.055542206067,0.2,80,80,0,0,8.528583061677,7.297174245715,100,0,0,-0.10000038147,0.199999809265,0.099999427795,-0.5,0.5,-0.086119507506,1.2,56.5,42.900001525879,0,2.1,
2004,SUR,-472.435974521612,-0.473939628234,7.673517520216,5.60596342,0.099999427795,2.5,-2.599998474121,0.040759368,0.16700449,57.6,0,8.014453786489,89.3,97.9,0.055555555556,1.356172419,-13.01590706,0,0,0,0.1,0,0,227.2818,0.601119995117,-0.993877410889,0,8.52012245,0.181339482302,0,1.3,80,80,0,0,0,0,100,0,0,5.199999809265,0.5,2.199999809265,7.10000038147,-0.700000762939,-0.009941829541,0.6,9.399999856949,15.999999642372,0,6.5,
2004,CHE,835.4917141595,-0.567843694095,1.274326370443,0.75342814,-0.299999952316,-0.199998855591,0.5,5.95747521,-1.50516911,34.3,-1.456967644092,24.356842924297,99.9,100,0.822222222222,2.7,0.164553804,0,0,0,0.1,0,0,4628.9217,-2.176055908203,-2.276374816895,4.834528661645,0.5258813,3.165445881964,0.048967136426,0.1,65,63,-1.099999904633,-0.300000190735,0,0,867,-0.5,-0.299999952316,0.300000190735,0.100000143051,0.200000286102,-1.299999713898,-0.300000190735,-0.054518704684,0,9.899999856949,9.700000166893,0,9.2,
2004,SWE,952.615786185801,-0.774790667319,-2.071392960338,0.3435574,0,-0.200000762939,0.299995422363,3.45339822,-1.30884567,26.1,-1.005942580831,17.406210700232,99.2,100,-1.55,4.76,-1.55199552,0,0,0,0.1,0,0,4766.9581,-2.577724456787,-1.60754776001,4.436511481267,-0.61133568,2.678970210111,0.029500770671,0.1,65,65,1.099999904633,1.599999904633,0,0,100,0.10000038147,0.5,1.199999809265,1.199999809265,1.099999904633,4.000000953674,4.299999237061,0.019972723521,0,4.100000053644,9.39999961853,0,9.7,
2004,SYR,0,-0.26515243262,2.121760586965,2.78408582,-2,-0.5,2.700000762939,0.0005657385,1.09968457,35.8,6.724087146194,4.21910376239,95.6,94.3,-1.283333333333,0.923621164,-1.363688082,0,0,0,0.672979375119,0,0,463.9628,-2.371963500977,-2.471630096436,28.253346103389,6.421910086,1.062860011937,0.115453770382,0.1,80,80,0,0,3.433514225883,330.220469493689,100,0,0,0.89999961853,-0.700000286102,-0.5,3.200000762939,-0.699999809265,0.321859967282,0,26.60000038147,35.60000038147,14.285714285714,4.8,
2004,TJK,-85.550763452663,0.18963194473,1.468236546023,3.66415507,-2,0.10000038147,2,0.08954910875,0.347605405,33.6,2.468386602863,41.745049504951,92.8,92.5,-0.1,0.01289613,-9.161526126,0,80000,274000,2.229565420983,0,0,164.6977,0.020198822021,-0.276412963867,0,1.296584567,55.876278476693,0.183594212577,0.1,63,58,0,0,8.312386388149,14.789915582254,100,0,0,0,0.099999427795,0.10000038147,-0.10000038147,0.200000762939,0.236453388406,15,40.99999922514,47.400001525879,0,3.9,
2004,THA,225.20015818327,-0.038725011584,-2.995847732353,2.22352443,-2.600002288818,0.800001144409,1.799999237061,0.235154792,0.18067166,42.5,-0.480680639209,28.131844416797,89.6,96.9,-3.05,1.378276082,0.954799316,0,0,0,1.42532720932,0,0,929.1314,0.492649078369,1.304046630859,6.970280930306,7.90910149,1.153222492014,-0.493884802678,1.5,80,80,-1.818181818182,-0.69999998266,10.987693348989,85.329373516983,1142100,0.13333333532,0.149999996026,0,0,0,-0.900000095367,-0.39999961853,-0.118116177912,4.1,55.39999961853,51.199999809265,5.882352941176,4.1,
2004,MKD,110.59568526399,-0.3184270822,2.842374540054,-0.38917316,-1.200000762939,-0.10000038147,1.299999237061,0.085001628143,0.5165258,42.8,3.185855894871,1.170544563798,93.3,99.8,-0.341666666667,5.37,-1.30421233,0,1358000,7574000,5.060366549897,0,0,1,-3.054285049438,-1.730781555176,8.026315619779,9.96231795,2.217383046952,0.312756534074,0.1,80,80,-5.474999904633,-4.862500190735,16.079976045212,35.043868469717,100,-2.450000047684,-2.650000095367,1.5,-0.29999923706,0.5,-1.800003051758,-0.400001525879,-0.046181048634,5.9,24.300000429153,33.7000015378,0,5.2,
2004,TLS,0,-0.064592973835,-7.935839188173,2.30787952,0.399997711182,-0.299999952316,-0.100002288818,0.000380133,0.005899223,30.3,15.723583636868,0,58.1,77.7,-1.516666666667,0.033010589333,-3.927644974,-5.950000127157,0,0,0.1,0,0,1,-3.463457107544,-3.689590454102,5.368367945487,0.511025772,0.000143426258,0,0.1,80,80,-1.883333365122,-1.300000031789,0,0,100,-0.633333325386,-0.558333317439,-0.900000572205,-0.5,-0.599999904633,-1,-1.000000953674,-0.276349640196,7.5,80.799999237061,78.20000076294,0,5,
2004,TGO,-7.612280590324,-0.032147256915,0.425319559043,0.30968223,-0.099998474121,-0.099999427795,0.299999237061,0.002287041667,0.059955454,42.2,-3.111397098213,0.026536125031,24.1,86.1,-0.7625,0.3,1.354833423,0,169821000,0,0.384514736633,0,0,188.1036,-0.229362487793,-0.3840675354,10.69928975524,1.528717707,12.691670169028,-0.426655052287,4.2,80,80,-1.20769229302,-0.553846139174,2.780492949217,0,100,-0.661538490882,-0.661538490882,0,0,0,0,0,-0.017440121897,10.5,82,64,0,5.7,
2004,TTO,1455.5504495071,-0.123351115943,-2.49978360437,2.16842206,-1.39999961853,1.799999237061,-0.399997711182,0.259188725,0.14273629,50,-2.105401769977,1.148717890285,91,94,0,1.05250597,-0.090996958,0,0,0,0.1,0,0,787.9956,1.552425384521,1.415168762207,2.526452369879,24.266609,0.228435051223,0,1.1,80,80,-3.966666666667,-3.073333231608,0,0,100,0,0,-3.10000038147,-1.700000286102,-2.199999809265,-5.199998855591,-3.700000762939,0.019829043775,0.4,12.799999952316,18.099999248981,0,6.6,
2004,TUN,126.23865830147,-0.017373455789,-0.673741708669,2.80328781,-0.5,-0.10000038147,0.599998474121,0.025910054,0.28004013,37.7,0.977511201704,5.023151526044,96,98.4,-1.28,2.037971957,0.919687575,0,0,0,5.357463900105,0,0,4155.2609,-0.588457107544,-0.677253723144,5.532025412554,18.08200179,1.070744225853,-0.144878342243,0.1,80,80,0,0,15.442187207082,20.611138142656,5998.1,1.488888846503,2.111111111111,-0.89999961853,-0.5,-0.60000038147,-1.299999237061,-1.200000762939,-0.043637994817,2,27.599999427795,30.200000047684,0,6,
2004,TUR,701.437074098961,-0.21831070805,-0.508329714327,5.72272357,0.099998474121,0.200000762939,-0.400001525879,0.56228671,-0.07759541,41.3,4.322132177205,1.896813608731,97.3,98,-0.1,2.25,-14.71213164,0,0,0,7.707007581766,0,0,1295.9831,-1.659004211426,1.585632324219,10.499524612366,9.6285365,2.167207344781,0.332715481589,0.1,60,58,6.699999809265,2.837500095367,34.368094195772,23.370351887485,789337,1.300000190735,1.39999961853,0.900000572205,0,0.300000190735,1.900001525879,-0.89999961853,-0.067240883771,2.8,54.400001525879,39.299998283386,6.384266484362,5.6,
2004,TKM,-260.235439666382,-0.18162994519,0,0,-1.799999237061,1.700000762939,0.100002288818,0.0001525152,0.16922204,50,-0.267122768005,4.952161911453,76.9,89.1,0,0.328871351,0,0,4660000,214000,0.1,0,0,378.1333,-0.074855804443,-0.178771972656,0,0.869013108,0.399115966303,0.239746772192,0.1,62,57,0,0,0,55.376707497191,100,0,0,0,0,0,0.099998474121,-0.10000038147,0.028817214682,0,28.099999427795,24.500000715256,0,6.2,
2004,UGA,38.394901247551,-0.093187687107,-14.691836244028,2.20591914,2.5,-1.5,-1,0.000422729714,0.030477526,42.9,-0.481764284576,3.281546594211,28.3,88.3,-2.033333333333,0.25512084,-4.959189076,-6.549999782017,75719000,0,3.225122103586,0,0,117.1883,-0.062412261963,0.057102203369,21.039314953844,1.303749874,0.416476514453,-0.690402914158,8,80,80,-1.614285741534,-0.642857142857,8.853845481834,27.308286346896,512,-0.364285707474,-0.628571442195,-0.400000095367,-0.700000047684,-0.600000143051,-1,-1.199999809265,0.313552143918,10.2,90.199998855591,79.000002861023,0,4.7,
2004,UKR,271.39789789368,-0.579661332497,-5.382152835317,3.73982089,0.799999237061,0.199998855591,-1,0.039399727143,2.35056185,28.9,2.240207977055,6.296997836301,97.2,98.7,-0.3,0.341350293,3.868390042,0,0,185162000,2.782428227264,0,0,1281.0343,1.464942932129,2.064346313477,7.873787482409,15.35299129,5.590334978608,0.091880901637,0.8,60,55,-1.493749976158,-1.012500047684,11.111280365389,30.271349693996,100,-0.607692315028,-0.546153838818,0.400000095367,-1.300000190735,-0.5,-3.700000762939,-5.10000038147,0.090821341401,4.4,19.10000038147,13.5,0,5.4,
2004,ARE,989.227343978702,-0.265978431389,0,9.661558272222,-0.300000190735,0.399997711182,-0.200000762939,0.634496173,-1.24582793,50,-0.326725422498,1.87148890209,98,99.6,0,0.65334276,-1.225042024,0,0,0,0.1,0,0,916.8085,0.746694564819,0.558555603027,0,12.44926221,0.967613926569,-0.941673007645,0.1,80,80,0,0,0,0,100,-0.328571421759,-0.571428571429,0.599999904633,0.399999856949,0.400000095367,1.300000190735,0.89999961853,2.356397066935,0,0.600000023842,1.799999952316,0,7.5,
2004,GBR,815.419260934206,-0.031681668701,0.4954341503,1.13561913,0,-1.10000038147,1.099998474121,4.993453507,-0.23247992,36,-0.976396307152,24.465265788762,99.1,100,1.116666666667,0.79,-0.018325786,0,0,0,0.1,0,0,3265.1518,0.91100692749,0.007068634033,6.226342959496,8.62164067,2.806921651118,0.05670064753,0.1,65,60,1.116666634878,0.699999968211,0,0,2355,-0.299999952316,-0.099999904633,0.099999904633,-0.5,-0.200000286102,0.199999809265,-1.39999961853,0.099437581032,0,6.199999809265,13.400000393391,0,8.4,
2004,TZA,13.288765702245,-0.007058102937,7.110504803207,2.85556949,-0.700004577637,0.400000095367,0.200000762939,0.000952641429,-0.007049391,40.3,1.535567189966,0.82096711885,20.3,83.6,-0.9,0.200612114,-0.567764776,-5.675000190735,735377000,70267000,2.097273740495,0,0,1,0.095550537109,0.13591003418,9.23962713967,1.611376476,13.732639338586,0.034097052402,7.5,80,80,-1.58571434021,-0.957142829895,4.470036199819,26.610772694126,100,-0.307692307692,-0.307692307692,-0.5,-0.5,-0.5,-1,-1.200000286102,0.200199726389,9.6,93.300000190735,82.599998474121,0,6.1,
2004,USA,1023.298725943401,-0.011752525135,-1.014654833209,2.2585993,-0.100000023842,-0.300001144409,0.5,3.16815035,-2.32469444,40.5,0.906289034549,30.276267129251,99.9,99.5,-1.3,3.06113936,0.40714172,0,0,0,0.1,0,0,3644.3089,-0.687423706055,-0.507404327393,18.612278249306,7.70038189,2.428870109417,-0.065001713725,0.1,66,66,1.627272692594,1.545454545455,0,0,3209833,0,0,-0.299999713898,-0.700000286102,-0.5,-0.5,-0.89999961853,0.065524916471,0,5.900000192225,8.400000192225,0,8.1,
2004,URY,324.31241912291,-0.004521042009,0.140299403389,5.65256597,-0.300000190735,0.299999237061,0,0.135386311333,1.77396079,47.2,8.76859598402,2.922551899691,94.9,98.9,-0.575,1.12596162,-10.222125095,-3.40833346049,0,0,0.1,0,0,600.4538,-0.333137512207,-0.410675048828,7.674303465537,3.08306936,0.513543368921,-0.089463876087,0.6,80,80,-2.309090874412,-1.472727342085,0,0,515577,-3.166666666667,-4.5,-1.400001525879,-1,-1.199999809265,-2.299999237061,-2.200000762939,0.007424469,0.9,21.200000286102,26.800000786781,8.63995245364,7.5,
2004,UZB,69.067608389226,0.009518776345,0,0,-1.20000076294,0.800001144409,0.400001525879,0.010596078,0.069211972,35.3,3.951957074057,0.1,98.8,98,-0.528571428571,0.681130243,0,0,0,7921000,0.1,0,0,162.9963,0.033611297607,0.031131744385,0,0.854747904,0.1,-0.086539191921,0.1,60,55,0,0,0,23.394767232238,100,0,0,0,0.10000038147,0,-0.10000038147,0.10000038147,-0.008845039917,5.4,35.99999922514,38.599998474121,0,4.1,
2004,VEN,1615.36650788824,-0.238004905783,1.282441171569,6.138666197,-1.39999961853,0.39999961853,0.900001525879,0.346925193,1.28361192,49.8,24.554150588856,2.437642482693,94.2,94.1,0.1,0.904506127,-9.3420047,0,536000,12240000,5.170232536421,0,0,887.3848,0.56033706665,0.852806091309,0,4.8727657,2.886670194155,-0.213321517759,0.5,80,80,2.245454614813,1.127272692594,14.633524000747,59.724698620081,100,0.718181826852,0.79090907357,-2.299999237061,-1.5,-1.799999237061,-3,-2.199998855591,-0.035881470336,4.4,37.60000038147,37.099999427795,7.208684766548,3.7,
2004,VNM,-6.05509783772,0.417028112388,0,3.98491555,-1.799999237061,0.799999237061,1,0.051623019,6.750693152,36.8,1.216356808028,4.48001264805,81.4,95.1,-3.6,3.862127714,4.53924134,0,51414000,2601000,1.13864767518,0,0,811.0764,-0.831172943115,-0.508369445801,11.471494423082,2.604551251,0.700423047607,0.05960647716,0.3,60,55,-0.857142857143,-0.757142884391,2.635592665357,40.086223355407,760.8,0.260000006358,0.273333326976,-0.299999952316,-0.200000047684,-0.200000047684,-0.300000190735,-0.200000286102,0.022812202953,3.6,78.5,69.60000038147,0,6.5,
2004,PSE,0,-1.084103385519,2.603578298872,2.26084696,0.300000190735,-1,0.79999923706,0.000085966167,0.672638963,34,-4.637918915046,0.325369747629,91.4,81.7,-1.25,0.27028847,-1.398857231,0,0,0,0.1,0,0,1549.4142,0.889193534851,0.231414794922,0,4.804551848,1.743321894601,0.103826237843,0.1,80,80,2.569230886606,1.607692278348,0,0,56,-8.35000038147,-10.89999961853,5.60000038147,1.89999961853,2.39999961853,13.300001144409,4.399997711182,-0.000844866163,9.5,42.60000038147,36.60000038147,11.741987221044,2.4,
2004,YEM,-82.822303023608,-0.08378352419,3.809457220808,5.96542053,-2.700000762939,1,1.70000076294,0.00106258,0.432333305,34.7,0,0.259033445881,87.5,77.2,-1.128571428571,0.276488889,1.68273445,-4.837500095367,107241000,7621000,1.353876793287,0,0,154.9327,-0.951756477356,-0.440235137939,0,3.987394699,0.166094492947,0.171384627595,0.1,80,80,-4.356249809265,-1.375,4.377400958136,101.486949408669,100,-0.583333333333,-1.016666650772,5,3.300000190735,3.700000762939,8.300001144409,6.5,-0.02959564296,13.2,59.900001525879,45.999998480082,0,1.4,
2004,ZMB,-81.529183055057,-0.081094872348,3.591481299797,7.71254927,-0.300003051758,0.5,-0.200000762939,0.001401925,0.009121542,54.3,0,0.756466512862,57.1,86.9,-1.75,1.033066493,-3.43378928,0,0,61873000,3.642640110117,0,0,180.3266,0.128509521484,0.177947998047,9.061743196232,1.943301686,63.09380394299,0.280595984085,13.8,80,80,-1.639999961853,-0.919999980927,22.231402841903,4.470766525305,100,0,0,0.199999809265,-0.099999427795,0,0.10000038147,-0.39999961853,-0.00489951713,3.7,92.400001525879,76.5,0,7.4,
2004,ZWE,-95.529836034406,-0.046408733737,3.15523631056,8.823171805455,0.900001525879,0,-0.89999961853,0.020254791,0.122944732,43.2,-0.80671296859,0.90079822951,50.4,98.1,-0.446153846154,0.3,-149.3196036,0,407498000,77022000,2.770026188101,0,0,133.9198,3.83959197998,3.681442260742,2.531732720416,0.484688292,23.249357369646,-0.083594361209,19,80,80,0,0,6.068692483068,4.729499420631,1854488,0,0,0.099999904633,-0.599999904633,-0.300000190735,-0.599999904633,-1.700000286102,-0.161963149732,8.8,80.100001513958,61,0,4.3,
